DATE,TIME,IP
07-11-2022,01:12:12,192.168.2.102
07-11-2022,01:21:03,192.168.2.103
07-11-2022,01:21:03,192.168.2.103
07-11-2022,01:21:03,192.168.2.103
07-11-2022,01:21:03,192.168.2.103
07-11-2022,01:21:03,192.168.2.103
07-11-2022,01:21:03,192.168.2.103
07-11-2022,01:21:03,192.168.2.103
07-11-2022,01:21:03,192.168.2.103
07-11-2022,01:21:03,192.168.2.103
07-11-2022,01:21:03,192.168.2.103
07-11-2022,01:21:03,192.168.2.103
07-11-2022,01:21:03,192.168.2.103
07-11-2022,01:21:03,192.168.2.103
07-11-2022,01:21:03,192.168.2.103
07-11-2022,01:21:03,192.168.2.103
07-11-2022,01:12:12,192.168.2.102
07-11-2022,01:12:12,192.168.2.102
07-11-2022,01:12:12,192.168.2.102
07-11-2022,01:12:12,192.168.2.102
07-11-2022,01:12:12,192.168.2.102
07-11-2022,01:12:12,192.168.2.102
07-11-2022,01:12:12,192.168.2.102
07-11-2022,01:12:12,192.168.2.102
07-11-2022,01:12:12,192.168.2.102
07-11-2022,01:12:12,192.168.2.102
07-11-2022,01:12:12,192.168.2.102
07-11-2022,01:12:12,192.168.2.102
07-11-2022,01:12:12,192.168.2.102
07-11-2022,01:21:03,192.168.2.103
07-11-2022,01:21:03,192.168.2.103
07-11-2022,01:21:03,192.168.2.103
07-11-2022,01:21:03,192.168.2.103
07-11-2022,01:21:03,192.168.2.103
07-11-2022,01:21:03,192.168.2.103
07-11-2022,01:21:03,192.168.2.103
07-11-2022,01:21:21,192.168.2.103
07-11-2022,01:21:21,192.168.2.103
07-11-2022,01:21:21,192.168.2.103
07-11-2022,01:21:21,192.168.2.103
07-11-2022,01:21:21,192.168.2.103
07-11-2022,01:21:21,192.168.2.103
07-11-2022,01:21:21,192.168.2.103
07-11-2022,01:21:21,192.168.2.103
07-11-2022,01:21:21,192.168.2.103
07-11-2022,01:21:21,192.168.2.103
07-11-2022,01:21:21,192.168.2.103
07-11-2022,01:21:21,192.168.2.103
07-11-2022,01:21:21,192.168.2.103
07-11-2022,01:21:21,192.168.2.103
07-11-2022,01:21:21,192.168.2.103
07-11-2022,01:21:21,192.168.2.103
07-11-2022,01:21:21,192.168.2.103
07-11-2022,01:21:21,192.168.2.103
07-11-2022,01:21:21,192.168.2.103
07-11-2022,01:21:21,192.168.2.103
07-11-2022,01:21:21,192.168.2.103
07-11-2022,01:21:21,192.168.2.103
07-11-2022,01:21:21,192.168.2.103
07-11-2022,01:21:21,192.168.2.103
07-11-2022,01:21:21,192.168.2.103
07-11-2022,01:21:03,192.168.2.103
07-11-2022,01:21:03,192.168.2.103
07-11-2022,01:12:12,192.168.2.102
07-11-2022,01:21:03,192.168.2.103
07-11-2022,01:21:03,192.168.2.103
07-11-2022,01:12:12,192.168.2.102
07-11-2022,01:12:12,192.168.2.102
07-11-2022,01:12:12,192.168.2.102
07-11-2022,01:12:12,192.168.2.102
07-11-2022,01:12:12,192.168.2.102
07-11-2022,01:12:12,192.168.2.102
07-11-2022,01:12:12,192.168.2.102
07-11-2022,01:12:12,192.168.2.102
07-11-2022,01:21:03,192.168.2.103
07-11-2022,01:21:03,192.168.2.103
07-11-2022,01:12:12,192.168.2.102
07-11-2022,01:21:03,192.168.2.103
07-11-2022,01:21:03,192.168.2.103
07-11-2022,01:21:03,192.168.2.103
07-11-2022,01:21:03,192.168.2.103
07-11-2022,01:21:03,192.168.2.103
07-11-2022,01:21:03,192.168.2.103
07-11-2022,01:12:12,192.168.2.102
07-11-2022,01:21:03,192.168.2.103
7/13/2022,00:46:49,192.168.2.106
7/13/2022,00:47:41,192.168.2.105
7/13/2022,00:49:30,192.168.2.105
7/13/2022,00:51:11,192.168.2.107
7/13/2022,00:55:43,"192.168.2,108"
7/13/2022,00:56:46,192.168.2.108
7/13/2022,00:58:17,192.168.2.108
7/13/2022,00:59:56,192.168.2.101
7/13/2022,01:02:46,192.168.2.101
7/13/2022,01:11:15,192.168.2.101
7/13/2022,01:11:56,192.168.2.101
7/13/2022,01:13:41,"192.168.2,102"
7/13/2022,01:14:38,192.168.2.103
7/13/2022,01:19:21,192.168.2.103
7/13/2022,01:20:29,192.168.2.103
7/13/2022,00:44:07,192.168.2.105
7/13/2022,00:46:49,192.168.2.106
7/13/2022,00:47:51,192.168.2.106
7/13/2022,00:49:30,192.168.2.105
7/13/2022,00:51:11,192.168.2.107
7/13/2022,00:55:43,"192.168.2,108"
7/13/2022,00:56:46,192.168.2.108
7/13/2022,00:58:17,192.168.2.108
7/13/2022,00:59:56,192.168.2.101
7/13/2022,01:02:46,192.168.2.101
7/13/2022,01:11:15,192.168.2.101
7/13/2022,01:11:56,192.168.2.101
7/13/2022,01:13:41,"192.168.2,102"
7/13/2022,01:14:38,192.168.2.103
7/13/2022,01:19:21,192.168.2.103
7/13/2022,01:20:29,192.168.2.103
7/13/2022,00:44:07,192.168.2.105
7/13/2022,00:46:49,192.168.2.106
7/13/2022,00:47:51,192.168.2.106
7/13/2022,00:49:30,192.168.2.105
7/13/2022,00:51:11,192.168.2.107
7/13/2022,00:55:43,"192.168.2,108"
7/13/2022,00:56:46,192.168.2.108
7/13/2022,00:58:17,192.168.2.108
7/13/2022,00:59:56,192.168.2.101
7/13/2022,01:02:46,192.168.2.101
7/13/2022,01:11:15,192.168.2.101
7/13/2022,01:11:56,192.168.2.101
7/13/2022,01:13:41,"192.168.2,102"
7/13/2022,01:14:38,192.168.2.103
7/13/2022,01:19:21,192.168.2.103
7/13/2022,01:20:29,192.168.2.103
7/13/2022,00:44:07,192.168.2.105
7/13/2022,00:44:07,192.168.2.105
7/13/2022,00:44:07,192.168.2.105
7/13/2022,00:44:07,192.168.2.105
7/13/2022,00:44:07,192.168.2.105
7/13/2022,00:44:07,192.168.2.105
7/13/2022,00:44:07,192.168.2.105
7/13/2022,00:44:07,192.168.2.105
7/13/2022,00:44:07,192.168.2.105
7/13/2022,00:44:07,192.168.2.105
7/13/2022,00:44:07,192.168.2.105
7/13/2022,00:44:07,192.168.2.105
7/13/2022,00:44:07,192.168.2.105
7/13/2022,00:44:07,192.168.2.105
7/13/2022,00:44:07,192.168.2.105
7/13/2022,00:46:15,192.168.2.105
7/13/2022,00:46:15,192.168.2.105
7/13/2022,00:46:15,192.168.2.105
7/13/2022,00:46:15,192.168.2.105
7/13/2022,00:46:15,192.168.2.105
7/13/2022,00:46:15,192.168.2.105
7/13/2022,00:46:15,192.168.2.105
7/13/2022,00:46:15,192.168.2.105
7/13/2022,00:46:15,192.168.2.105
7/13/2022,00:46:15,192.168.2.105
7/13/2022,00:46:15,192.168.2.105
7/13/2022,00:46:15,192.168.2.105
7/13/2022,00:46:15,192.168.2.105
7/13/2022,00:46:49,192.168.2.106
7/13/2022,00:46:49,192.168.2.106
7/13/2022,00:46:49,192.168.2.106
7/13/2022,00:46:49,192.168.2.106
7/13/2022,00:46:49,192.168.2.106
7/13/2022,00:46:49,192.168.2.106
7/13/2022,00:46:49,192.168.2.106
7/13/2022,00:46:49,192.168.2.106
7/13/2022,00:46:49,192.168.2.106
7/13/2022,00:46:49,192.168.2.106
7/13/2022,00:46:49,192.168.2.106
7/13/2022,00:46:49,192.168.2.106
7/13/2022,00:46:49,192.168.2.106
7/13/2022,00:46:55,192.168.2.105
7/13/2022,00:46:55,192.168.2.105
7/13/2022,00:46:55,192.168.2.105
7/13/2022,00:46:55,192.168.2.105
7/13/2022,00:46:55,192.168.2.105
7/13/2022,00:46:55,192.168.2.105
7/13/2022,00:46:55,192.168.2.105
7/13/2022,00:46:55,192.168.2.105
7/13/2022,00:46:55,192.168.2.105
7/13/2022,00:46:55,192.168.2.105
7/13/2022,00:47:34,192.168.2.106
7/13/2022,00:47:34,192.168.2.106
7/13/2022,00:47:34,192.168.2.106
7/13/2022,00:47:34,192.168.2.106
7/13/2022,00:47:34,192.168.2.106
7/13/2022,00:47:34,192.168.2.106
7/13/2022,00:47:34,192.168.2.106
7/13/2022,00:47:34,192.168.2.106
7/13/2022,00:47:34,192.168.2.106
7/13/2022,00:47:51,192.168.2.106
7/13/2022,00:47:51,192.168.2.106
7/13/2022,00:47:51,192.168.2.106
7/13/2022,00:47:51,192.168.2.106
7/13/2022,00:47:51,192.168.2.106
7/13/2022,00:47:51,192.168.2.106
7/13/2022,00:47:51,192.168.2.106
7/13/2022,00:47:51,192.168.2.106
7/13/2022,00:47:51,192.168.2.106
7/13/2022,00:47:51,192.168.2.106
7/13/2022,00:47:51,192.168.2.106
7/13/2022,00:47:51,192.168.2.106
7/13/2022,00:47:51,192.168.2.106
7/13/2022,00:49:01,192.168.2.106
7/13/2022,00:49:01,192.168.2.106
7/13/2022,00:49:01,192.168.2.106
7/13/2022,00:49:01,192.168.2.106
7/13/2022,00:49:01,192.168.2.106
7/13/2022,00:49:01,192.168.2.106
7/13/2022,00:49:01,192.168.2.106
7/13/2022,00:49:01,192.168.2.106
7/13/2022,00:49:01,192.168.2.106
7/13/2022,00:49:01,192.168.2.106
7/13/2022,00:49:01,192.168.2.106
7/13/2022,00:49:01,192.168.2.106
7/13/2022,00:49:01,192.168.2.106
7/13/2022,00:49:30,192.168.2.105
7/13/2022,00:49:30,192.168.2.105
7/13/2022,00:49:30,192.168.2.105
7/13/2022,00:49:30,192.168.2.105
7/13/2022,00:49:30,192.168.2.105
7/13/2022,00:49:30,192.168.2.105
7/13/2022,00:49:30,192.168.2.105
7/13/2022,00:49:30,192.168.2.105
7/13/2022,00:49:30,192.168.2.105
7/13/2022,00:49:30,192.168.2.105
7/13/2022,00:49:30,192.168.2.105
7/13/2022,00:49:30,192.168.2.105
7/13/2022,00:49:30,192.168.2.105
7/13/2022,00:50:05,192.168.2.106
7/13/2022,00:50:05,192.168.2.106
7/13/2022,00:50:05,192.168.2.106
7/13/2022,00:50:05,192.168.2.106
7/13/2022,00:50:05,192.168.2.106
7/13/2022,00:50:05,192.168.2.106
7/13/2022,00:50:05,192.168.2.106
7/13/2022,00:50:05,192.168.2.106
7/13/2022,00:50:05,192.168.2.106
7/13/2022,00:50:05,192.168.2.106
7/13/2022,00:50:05,192.168.2.106
7/13/2022,00:50:05,192.168.2.106
7/13/2022,00:51:11,192.168.2.107
7/13/2022,00:51:11,192.168.2.107
7/13/2022,00:51:11,192.168.2.107
7/13/2022,00:51:11,192.168.2.107
7/13/2022,00:51:11,192.168.2.107
7/13/2022,00:51:11,192.168.2.107
7/13/2022,00:51:11,192.168.2.107
7/13/2022,00:51:11,192.168.2.107
7/13/2022,00:51:11,192.168.2.107
7/13/2022,00:51:11,192.168.2.107
7/13/2022,00:51:11,192.168.2.107
7/13/2022,00:51:11,192.168.2.107
7/13/2022,00:51:11,192.168.2.107
7/13/2022,00:51:11,192.168.2.107
7/13/2022,00:51:11,192.168.2.107
7/13/2022,00:53:47,192.168.2.108
7/13/2022,00:53:47,192.168.2.108
7/13/2022,00:53:47,192.168.2.108
7/13/2022,00:53:47,192.168.2.108
7/13/2022,00:53:47,192.168.2.108
7/13/2022,00:53:47,192.168.2.108
7/13/2022,00:53:47,192.168.2.108
7/13/2022,00:53:47,192.168.2.108
7/13/2022,00:53:47,192.168.2.108
7/13/2022,00:53:47,192.168.2.108
7/13/2022,00:53:47,192.168.2.108
7/13/2022,00:53:47,192.168.2.108
7/13/2022,00:53:47,192.168.2.108
7/13/2022,00:54:50,192.168.2.107
7/13/2022,00:54:50,192.168.2.107
7/13/2022,00:54:50,192.168.2.107
7/13/2022,00:54:50,192.168.2.107
7/13/2022,00:54:50,192.168.2.107
7/13/2022,00:54:50,192.168.2.107
7/13/2022,00:54:50,192.168.2.107
7/13/2022,00:54:50,192.168.2.107
7/13/2022,00:54:50,192.168.2.107
7/13/2022,00:54:50,192.168.2.107
7/13/2022,00:54:50,192.168.2.107
7/13/2022,00:54:50,192.168.2.107
7/13/2022,00:54:50,192.168.2.107
7/13/2022,00:55:43,"192.168.2,108"
7/13/2022,00:55:43,"192.168.2,108"
7/13/2022,00:55:43,"192.168.2,108"
7/13/2022,00:55:43,"192.168.2,108"
7/13/2022,00:55:43,"192.168.2,108"
7/13/2022,00:55:43,"192.168.2,108"
7/13/2022,00:55:43,"192.168.2,108"
7/13/2022,00:55:43,"192.168.2,108"
7/13/2022,00:55:43,"192.168.2,108"
7/13/2022,00:55:43,"192.168.2,108"
7/13/2022,00:55:43,"192.168.2,108"
7/13/2022,00:55:43,"192.168.2,108"
7/13/2022,00:55:43,"192.168.2,108"
7/13/2022,00:56:39,192.168.2.107
7/13/2022,00:56:39,192.168.2.107
7/13/2022,00:56:39,192.168.2.107
7/13/2022,00:56:39,192.168.2.107
7/13/2022,00:56:39,192.168.2.107
7/13/2022,00:56:39,192.168.2.107
7/13/2022,00:56:39,192.168.2.107
7/13/2022,00:56:39,192.168.2.107
7/13/2022,00:56:39,192.168.2.107
7/13/2022,00:56:39,192.168.2.107
7/13/2022,00:56:39,192.168.2.107
7/13/2022,00:56:46,192.168.2.108
7/13/2022,00:56:46,192.168.2.108
7/13/2022,00:56:46,192.168.2.108
7/13/2022,00:56:46,192.168.2.108
7/13/2022,00:56:46,192.168.2.108
7/13/2022,00:56:46,192.168.2.108
7/13/2022,00:56:46,192.168.2.108
7/13/2022,00:56:46,192.168.2.108
7/13/2022,00:56:46,192.168.2.108
7/13/2022,00:56:46,192.168.2.108
7/13/2022,00:56:46,192.168.2.108
7/13/2022,00:56:46,192.168.2.108
7/13/2022,00:56:46,192.168.2.108
7/13/2022,00:57:53,192.168.2.107
7/13/2022,00:57:53,192.168.2.107
7/13/2022,00:57:53,192.168.2.107
7/13/2022,00:57:53,192.168.2.107
7/13/2022,00:57:53,192.168.2.107
7/13/2022,00:57:53,192.168.2.107
7/13/2022,00:57:53,192.168.2.107
7/13/2022,00:57:53,192.168.2.107
7/13/2022,00:57:53,192.168.2.107
7/13/2022,00:57:53,192.168.2.107
7/13/2022,00:57:53,192.168.2.107
7/13/2022,00:57:53,192.168.2.107
7/13/2022,00:57:53,192.168.2.107
7/13/2022,00:58:17,192.168.2.108
7/13/2022,00:58:17,192.168.2.108
7/13/2022,00:58:17,192.168.2.108
7/13/2022,00:58:17,192.168.2.108
7/13/2022,00:58:17,192.168.2.108
7/13/2022,00:58:17,192.168.2.108
7/13/2022,00:58:17,192.168.2.108
7/13/2022,00:58:17,192.168.2.108
7/13/2022,00:58:17,192.168.2.108
7/13/2022,00:58:17,192.168.2.108
7/13/2022,00:58:17,192.168.2.108
7/13/2022,00:58:17,192.168.2.108
7/13/2022,00:58:17,192.168.2.108
7/13/2022,00:58:17,192.168.2.108
7/13/2022,00:59:17,192.168.2.107
7/13/2022,00:59:17,192.168.2.107
7/13/2022,00:59:17,192.168.2.107
7/13/2022,00:59:17,192.168.2.107
7/13/2022,00:59:17,192.168.2.107
7/13/2022,00:59:30,192.168.2.108
7/13/2022,00:59:30,192.168.2.108
7/13/2022,00:59:30,192.168.2.108
7/13/2022,00:59:30,192.168.2.108
7/13/2022,00:59:30,192.168.2.108
7/13/2022,00:59:30,192.168.2.108
7/13/2022,00:59:56,192.168.2.101
7/13/2022,00:59:56,192.168.2.101
7/13/2022,00:59:56,192.168.2.101
7/13/2022,00:59:56,192.168.2.101
7/13/2022,00:59:56,192.168.2.101
7/13/2022,00:59:56,192.168.2.101
7/13/2022,00:59:56,192.168.2.101
7/13/2022,00:59:56,192.168.2.101
7/13/2022,00:59:56,192.168.2.101
7/13/2022,00:59:56,192.168.2.101
7/13/2022,00:59:56,192.168.2.101
7/13/2022,00:59:56,192.168.2.101
7/13/2022,00:59:56,192.168.2.101
7/13/2022,01:01:53,192.168.2.102
7/13/2022,01:01:53,192.168.2.102
7/13/2022,01:01:53,192.168.2.102
7/13/2022,01:01:53,192.168.2.102
7/13/2022,01:01:53,192.168.2.102
7/13/2022,01:01:53,192.168.2.102
7/13/2022,01:01:53,192.168.2.102
7/13/2022,01:01:53,192.168.2.102
7/13/2022,01:01:53,192.168.2.102
7/13/2022,01:01:53,192.168.2.102
7/13/2022,01:01:53,192.168.2.102
7/13/2022,01:01:53,192.168.2.102
7/13/2022,01:01:53,192.168.2.102
7/13/2022,01:02:46,192.168.2.101
7/13/2022,01:02:46,192.168.2.101
7/13/2022,01:02:46,192.168.2.101
7/13/2022,01:02:46,192.168.2.101
7/13/2022,01:02:46,192.168.2.101
7/13/2022,01:02:46,192.168.2.101
7/13/2022,01:02:46,192.168.2.101
7/13/2022,01:02:46,192.168.2.101
7/13/2022,01:02:46,192.168.2.101
7/13/2022,01:02:46,192.168.2.101
7/13/2022,01:02:46,192.168.2.101
7/13/2022,01:02:46,192.168.2.101
7/13/2022,01:02:46,192.168.2.101
7/13/2022,01:10:54,192.168.2.102
7/13/2022,01:10:54,192.168.2.102
7/13/2022,01:10:54,192.168.2.102
7/13/2022,01:10:54,192.168.2.102
7/13/2022,01:10:54,192.168.2.102
7/13/2022,01:10:54,192.168.2.102
7/13/2022,01:10:54,192.168.2.102
7/13/2022,01:10:54,192.168.2.102
7/13/2022,01:10:54,192.168.2.102
7/13/2022,01:10:54,192.168.2.102
7/13/2022,01:10:54,192.168.2.102
7/13/2022,01:10:54,192.168.2.102
7/13/2022,01:10:54,192.168.2.102
7/13/2022,01:11:15,192.168.2.101
7/13/2022,01:11:15,192.168.2.101
7/13/2022,01:11:15,192.168.2.101
7/13/2022,01:11:15,192.168.2.101
7/13/2022,01:11:15,192.168.2.101
7/13/2022,01:11:15,192.168.2.101
7/13/2022,01:11:15,192.168.2.101
7/13/2022,01:11:15,192.168.2.101
7/13/2022,01:11:15,192.168.2.101
7/13/2022,01:11:15,192.168.2.101
7/13/2022,01:11:15,192.168.2.101
7/13/2022,01:11:15,192.168.2.101
7/13/2022,01:11:15,192.168.2.101
7/13/2022,01:11:33,192.168.2.102
7/13/2022,01:11:33,192.168.2.102
7/13/2022,01:11:33,192.168.2.102
7/13/2022,01:11:33,192.168.2.102
7/13/2022,01:11:33,192.168.2.102
7/13/2022,01:11:33,192.168.2.102
7/13/2022,01:11:33,192.168.2.102
7/13/2022,01:11:33,192.168.2.102
7/13/2022,01:11:33,192.168.2.102
7/13/2022,01:11:33,192.168.2.102
7/13/2022,01:11:33,192.168.2.102
7/13/2022,01:11:33,192.168.2.102
7/13/2022,01:11:33,192.168.2.102
7/13/2022,01:11:56,192.168.2.101
7/13/2022,01:11:56,192.168.2.101
7/13/2022,01:11:56,192.168.2.101
7/13/2022,01:11:56,192.168.2.101
7/13/2022,01:11:56,192.168.2.101
7/13/2022,01:11:56,192.168.2.101
7/13/2022,01:11:56,192.168.2.101
7/13/2022,01:11:56,192.168.2.101
7/13/2022,01:11:56,192.168.2.101
7/13/2022,01:11:56,192.168.2.101
7/13/2022,01:11:56,192.168.2.101
7/13/2022,01:11:56,192.168.2.101
7/13/2022,01:11:56,192.168.2.101
7/13/2022,01:13:30,192.168.2.101
7/13/2022,01:13:30,192.168.2.101
7/13/2022,01:13:30,192.168.2.101
7/13/2022,01:13:30,192.168.2.101
7/13/2022,01:13:30,192.168.2.101
7/13/2022,01:13:30,192.168.2.101
7/13/2022,01:13:30,192.168.2.101
7/13/2022,01:13:30,192.168.2.101
7/13/2022,01:13:30,192.168.2.101
7/13/2022,01:13:30,192.168.2.101
7/13/2022,01:13:30,192.168.2.101
7/13/2022,01:13:30,192.168.2.101
7/13/2022,01:13:30,192.168.2.101
7/13/2022,01:13:41,"192.168.2,102"
7/13/2022,01:13:41,"192.168.2,102"
7/13/2022,01:13:41,"192.168.2,102"
7/13/2022,01:13:41,"192.168.2,102"
7/13/2022,01:13:41,"192.168.2,102"
7/13/2022,01:13:41,"192.168.2,102"
7/13/2022,01:13:41,"192.168.2,102"
7/13/2022,01:13:41,"192.168.2,102"
7/13/2022,01:13:41,"192.168.2,102"
7/13/2022,01:13:41,"192.168.2,102"
7/13/2022,01:13:41,"192.168.2,102"
7/13/2022,01:13:41,"192.168.2,102"
7/13/2022,01:13:41,"192.168.2,102"
7/13/2022,01:13:49,192.168.2.103
7/13/2022,01:13:49,192.168.2.103
7/13/2022,01:13:49,192.168.2.103
7/13/2022,01:13:49,192.168.2.103
7/13/2022,01:19:21,192.168.2.103
7/13/2022,01:19:21,192.168.2.103
7/13/2022,01:19:21,192.168.2.103
7/13/2022,01:19:21,192.168.2.103
7/13/2022,01:19:21,192.168.2.103
7/13/2022,01:19:21,192.168.2.103
7/13/2022,01:19:21,192.168.2.103
7/13/2022,01:19:21,192.168.2.103
7/13/2022,01:19:21,192.168.2.103
7/13/2022,01:19:21,192.168.2.103
7/13/2022,01:19:21,192.168.2.103
7/13/2022,01:20:22,192.168.2.104
7/13/2022,01:20:22,192.168.2.104
7/13/2022,01:20:22,192.168.2.104
7/13/2022,01:20:22,192.168.2.104
7/13/2022,01:20:22,192.168.2.104
7/13/2022,01:20:22,192.168.2.104
7/13/2022,01:20:22,192.168.2.104
7/13/2022,01:20:22,192.168.2.104
7/13/2022,01:20:22,192.168.2.104
7/13/2022,01:20:22,192.168.2.104
7/13/2022,01:20:22,192.168.2.104
7/13/2022,01:20:22,192.168.2.104
7/13/2022,01:20:22,192.168.2.104
7/13/2022,01:20:29,192.168.2.103
7/13/2022,01:20:29,192.168.2.103
7/13/2022,01:20:29,192.168.2.103
7/13/2022,01:20:29,192.168.2.103
7/13/2022,01:20:51,192.168.2.104
7/13/2022,01:20:51,192.168.2.104
7/13/2022,01:20:51,192.168.2.104
7/13/2022,01:20:51,192.168.2.104
7/13/2022,01:20:51,192.168.2.104
7/13/2022,01:20:51,192.168.2.104
7/13/2022,01:20:51,192.168.2.104
7/13/2022,01:20:51,192.168.2.104
7/13/2022,01:21:08,192.168.2.104
7/13/2022,01:21:08,192.168.2.104
7/13/2022,01:21:08,192.168.2.104
7/13/2022,01:21:08,192.168.2.104
7/13/2022,00:44:07,192.168.2.105
7/13/2022,00:46:49,192.168.2.106
7/13/2022,00:47:51,192.168.2.106
7/13/2022,00:49:30,192.168.2.105
7/13/2022,00:53:47,192.168.2.108
7/13/2022,00:55:43,"192.168.2,108"
7/13/2022,00:56:46,192.168.2.108
7/13/2022,00:58:17,192.168.2.108
7/13/2022,00:59:56,192.168.2.101
7/13/2022,01:02:46,192.168.2.101
7/13/2022,01:11:15,192.168.2.101
7/13/2022,01:11:56,192.168.2.101
7/13/2022,01:13:41,"192.168.2,102"
7/13/2022,01:14:38,192.168.2.103
7/13/2022,01:19:21,192.168.2.103
7/13/2022,01:20:29,192.168.2.103
7/13/2022,01:20:51,192.168.2.104
7/13/2022,00:44:07,192.168.2.105
7/13/2022,00:46:55,192.168.2.105
7/13/2022,00:47:51,192.168.2.106
7/13/2022,00:49:30,192.168.2.105
7/13/2022,00:53:47,192.168.2.108
7/13/2022,00:55:43,"192.168.2,108"
7/13/2022,00:56:46,192.168.2.108
7/13/2022,00:58:17,192.168.2.108
7/13/2022,00:59:56,192.168.2.101
7/13/2022,01:02:46,192.168.2.101
7/13/2022,01:11:15,192.168.2.101
7/13/2022,01:11:56,192.168.2.101
7/13/2022,01:13:49,192.168.2.103
7/13/2022,01:14:38,192.168.2.103
7/13/2022,01:19:21,192.168.2.103
7/13/2022,01:20:29,192.168.2.103
7/13/2022,01:20:51,192.168.2.104
7/13/2022,00:44:07,192.168.2.105
7/13/2022,00:46:55,192.168.2.105
7/13/2022,00:47:51,192.168.2.106
7/13/2022,00:49:30,192.168.2.105
7/13/2022,00:53:47,192.168.2.108
7/13/2022,00:55:43,"192.168.2,108"
7/13/2022,00:56:46,192.168.2.108
7/13/2022,00:59:17,192.168.2.107
7/13/2022,00:59:56,192.168.2.101
7/13/2022,01:02:46,192.168.2.101
7/13/2022,01:11:15,192.168.2.101
7/13/2022,01:13:30,192.168.2.101
7/13/2022,01:13:49,192.168.2.103
7/13/2022,01:14:38,192.168.2.103
7/13/2022,01:19:21,192.168.2.103
7/13/2022,01:20:29,192.168.2.103
7/13/2022,01:20:51,192.168.2.104
7/13/2022,00:44:07,192.168.2.105
7/13/2022,00:46:55,192.168.2.105
7/13/2022,00:47:51,192.168.2.106
7/13/2022,00:49:30,192.168.2.105
7/13/2022,00:53:47,192.168.2.108
7/13/2022,00:55:43,"192.168.2,108"
7/13/2022,00:56:46,192.168.2.108
7/13/2022,00:59:17,192.168.2.107
7/13/2022,00:59:56,192.168.2.101
7/13/2022,01:02:46,192.168.2.101
7/13/2022,01:11:33,192.168.2.102
7/13/2022,01:13:30,192.168.2.101
7/13/2022,01:13:49,192.168.2.103
7/13/2022,01:14:38,192.168.2.103
7/13/2022,01:20:22,192.168.2.104
7/13/2022,01:20:29,192.168.2.103
7/13/2022,01:20:51,192.168.2.104
7/13/2022,00:44:07,192.168.2.105
7/13/2022,00:46:55,192.168.2.105
7/13/2022,00:47:51,192.168.2.106
7/13/2022,00:49:30,192.168.2.105
7/13/2022,00:53:47,192.168.2.108
7/13/2022,00:55:43,"192.168.2,108"
7/13/2022,00:56:46,192.168.2.108
7/13/2022,00:59:17,192.168.2.107
7/13/2022,00:59:56,192.168.2.101
7/13/2022,01:10:54,192.168.2.102
7/13/2022,01:11:33,192.168.2.102
7/13/2022,01:13:30,192.168.2.101
7/13/2022,01:13:49,192.168.2.103
7/13/2022,01:14:47,192.168.2.104
7/13/2022,01:20:22,192.168.2.104
7/13/2022,01:20:51,192.168.2.104
7/13/2022,01:20:51,192.168.2.104
7/13/2022,01:21:08,192.168.2.104
7/13/2022,00:44:07,192.168.2.105
7/13/2022,00:46:55,192.168.2.105
7/13/2022,00:47:51,192.168.2.106
7/13/2022,00:50:05,192.168.2.106
7/13/2022,00:53:47,192.168.2.108
7/13/2022,00:55:43,"192.168.2,108"
7/13/2022,00:57:53,192.168.2.107
7/13/2022,00:59:17,192.168.2.107
7/13/2022,00:59:56,192.168.2.101
7/13/2022,01:10:54,192.168.2.102
7/13/2022,01:11:33,192.168.2.102
7/13/2022,01:13:30,192.168.2.101
7/13/2022,01:13:49,192.168.2.103
7/13/2022,01:14:47,192.168.2.104
7/13/2022,01:20:22,192.168.2.104
7/13/2022,01:20:51,192.168.2.104
7/13/2022,01:21:08,192.168.2.104
7/13/2022,00:44:07,192.168.2.105
7/13/2022,00:46:55,192.168.2.105
7/13/2022,00:47:51,192.168.2.106
7/13/2022,00:50:05,192.168.2.106
7/13/2022,00:53:47,192.168.2.108
7/13/2022,00:55:43,"192.168.2,108"
7/13/2022,00:57:53,192.168.2.107
7/13/2022,00:59:17,192.168.2.107
7/13/2022,00:59:56,192.168.2.101
7/13/2022,01:10:54,192.168.2.102
7/13/2022,01:11:33,192.168.2.102
7/13/2022,01:13:30,192.168.2.101
7/13/2022,01:13:59,192.168.2.104
7/13/2022,01:14:47,192.168.2.104
7/13/2022,01:20:22,192.168.2.104
7/13/2022,01:20:51,192.168.2.104
7/13/2022,00:47:34,192.168.2.106
7/13/2022,00:47:34,192.168.2.106
7/13/2022,00:47:34,192.168.2.106
7/13/2022,00:47:34,192.168.2.106
7/13/2022,00:47:34,192.168.2.106
7/13/2022,00:51:11,192.168.2.107
7/13/2022,00:51:11,192.168.2.107
7/13/2022,00:51:11,192.168.2.107
7/13/2022,00:51:11,192.168.2.107
7/13/2022,00:51:11,192.168.2.107
7/13/2022,00:51:11,192.168.2.107
7/13/2022,01:21:08,192.168.2.104
7/13/2022,00:46:55,192.168.2.105
7/13/2022,00:46:55,192.168.2.105
7/13/2022,00:46:55,192.168.2.105
7/13/2022,00:46:55,192.168.2.105
7/13/2022,00:46:55,192.168.2.105
7/13/2022,00:46:55,192.168.2.105
7/13/2022,00:46:55,192.168.2.105
7/13/2022,00:47:34,192.168.2.106
7/13/2022,00:47:34,192.168.2.106
7/13/2022,00:47:34,192.168.2.106
7/13/2022,00:47:34,192.168.2.106
7/13/2022,00:47:34,192.168.2.106
7/13/2022,00:47:34,192.168.2.106
7/13/2022,00:51:11,192.168.2.107
7/13/2022,00:51:11,192.168.2.107
7/13/2022,00:51:11,192.168.2.107
7/13/2022,00:51:11,192.168.2.107
7/13/2022,00:51:11,192.168.2.107
7/13/2022,00:51:11,192.168.2.107
7/13/2022,01:21:08,192.168.2.104
7/13/2022,00:46:15,192.168.2.105
7/13/2022,00:46:55,192.168.2.105
7/13/2022,00:47:51,192.168.2.106
7/13/2022,00:50:05,192.168.2.106
7/13/2022,00:53:47,192.168.2.108
7/13/2022,00:55:43,"192.168.2,108"
7/13/2022,00:57:53,192.168.2.107
7/13/2022,00:59:17,192.168.2.107
7/13/2022,01:01:53,192.168.2.102
7/13/2022,01:10:54,192.168.2.102
7/13/2022,01:11:33,192.168.2.102
7/13/2022,01:13:30,192.168.2.101
7/13/2022,01:13:59,192.168.2.104
7/13/2022,01:14:47,192.168.2.104
7/13/2022,01:20:22,192.168.2.104
7/13/2022,01:20:51,192.168.2.104
7/13/2022,00:51:11,192.168.2.107
7/13/2022,01:21:08,192.168.2.104
7/13/2022,01:21:08,192.168.2.104
7/13/2022,00:51:11,192.168.2.107
7/13/2022,01:21:08,192.168.2.104
7/13/2022,00:46:15,192.168.2.105
7/13/2022,00:47:34,192.168.2.106
7/13/2022,00:47:51,192.168.2.106
7/13/2022,00:50:05,192.168.2.106
7/13/2022,00:53:47,192.168.2.108
7/13/2022,00:55:43,"192.168.2,108"
7/13/2022,00:57:53,192.168.2.107
7/13/2022,00:59:17,192.168.2.107
7/13/2022,01:01:53,192.168.2.102
7/13/2022,01:10:54,192.168.2.102
7/13/2022,01:11:33,192.168.2.102
7/13/2022,01:13:30,192.168.2.101
7/13/2022,01:13:59,192.168.2.104
7/13/2022,01:14:47,192.168.2.104
7/13/2022,01:20:22,192.168.2.104
7/13/2022,01:20:22,192.168.2.104
7/13/2022,00:47:41,192.168.2.105
7/13/2022,00:47:41,192.168.2.105
7/13/2022,00:47:41,192.168.2.105
7/13/2022,00:47:41,192.168.2.105
7/13/2022,00:47:41,192.168.2.105
7/13/2022,00:47:41,192.168.2.105
7/13/2022,00:47:41,192.168.2.105
7/13/2022,00:47:41,192.168.2.105
7/13/2022,00:51:11,192.168.2.107
7/13/2022,00:59:17,192.168.2.107
7/13/2022,01:21:08,192.168.2.104
7/13/2022,00:46:15,192.168.2.105
7/13/2022,00:47:34,192.168.2.106
7/13/2022,00:47:51,192.168.2.106
7/13/2022,00:50:05,192.168.2.106
7/13/2022,00:53:47,192.168.2.108
7/13/2022,00:56:39,192.168.2.107
7/13/2022,00:57:53,192.168.2.107
7/13/2022,00:59:17,192.168.2.107
7/13/2022,01:01:53,192.168.2.102
7/13/2022,01:10:54,192.168.2.102
7/13/2022,01:11:33,192.168.2.102
7/13/2022,01:13:30,192.168.2.101
7/13/2022,01:13:59,192.168.2.104
7/13/2022,01:14:47,192.168.2.104
7/13/2022,01:20:22,192.168.2.104
7/13/2022,01:20:22,192.168.2.104
7/13/2022,00:56:39,192.168.2.107
7/13/2022,00:56:39,192.168.2.107
7/13/2022,00:56:39,192.168.2.107
7/13/2022,00:56:39,192.168.2.107
7/13/2022,00:56:39,192.168.2.107
7/13/2022,01:21:08,192.168.2.104
7/13/2022,00:46:15,192.168.2.105
7/13/2022,00:47:34,192.168.2.106
7/13/2022,00:49:01,192.168.2.106
7/13/2022,00:50:05,192.168.2.106
7/13/2022,00:53:47,192.168.2.108
7/13/2022,00:56:39,192.168.2.107
7/13/2022,00:57:53,192.168.2.107
7/13/2022,00:59:17,192.168.2.107
7/13/2022,01:01:53,192.168.2.102
7/13/2022,01:10:54,192.168.2.102
7/13/2022,01:11:33,192.168.2.102
7/13/2022,01:13:30,192.168.2.101
7/13/2022,01:13:59,192.168.2.104
7/13/2022,01:14:47,192.168.2.104
7/13/2022,01:20:22,192.168.2.104
7/13/2022,01:20:22,192.168.2.104
7/13/2022,00:46:55,192.168.2.105
7/13/2022,00:46:15,192.168.2.105
7/13/2022,00:47:34,192.168.2.106
7/13/2022,00:49:01,192.168.2.106
7/13/2022,00:50:05,192.168.2.106
7/13/2022,00:54:50,192.168.2.107
7/13/2022,00:56:39,192.168.2.107
7/13/2022,00:57:53,192.168.2.107
7/13/2022,00:59:17,192.168.2.107
7/13/2022,01:01:53,192.168.2.102
7/13/2022,01:10:54,192.168.2.102
7/13/2022,01:11:33,192.168.2.102
7/13/2022,01:13:30,192.168.2.101
7/13/2022,01:13:59,192.168.2.104
7/13/2022,01:14:47,192.168.2.104
7/13/2022,01:20:22,192.168.2.104
7/13/2022,01:20:22,192.168.2.104
7/13/2022,00:50:05,192.168.2.106
7/13/2022,00:51:11,192.168.2.107
7/13/2022,00:53:47,192.168.2.108
7/13/2022,00:54:50,192.168.2.107
7/13/2022,01:21:08,192.168.2.104
7/13/2022,00:46:15,192.168.2.105
7/13/2022,00:47:34,192.168.2.106
7/13/2022,00:49:01,192.168.2.106
7/13/2022,00:50:05,192.168.2.106
7/13/2022,00:54:50,192.168.2.107
7/13/2022,00:56:39,192.168.2.107
7/13/2022,00:57:53,192.168.2.107
7/13/2022,00:59:30,192.168.2.108
7/13/2022,01:01:53,192.168.2.102
7/13/2022,01:10:54,192.168.2.102
7/13/2022,01:11:33,192.168.2.102
7/13/2022,01:13:30,192.168.2.101
7/13/2022,01:13:59,192.168.2.104
7/13/2022,01:14:47,192.168.2.104
7/13/2022,01:20:22,192.168.2.104
7/13/2022,01:20:22,192.168.2.104
7/13/2022,00:47:41,192.168.2.105
7/13/2022,00:47:41,192.168.2.105
7/13/2022,00:47:41,192.168.2.105
7/13/2022,00:47:41,192.168.2.105
7/13/2022,00:47:41,192.168.2.105
7/13/2022,00:46:15,192.168.2.105
7/13/2022,00:47:41,192.168.2.105
7/13/2022,00:47:41,192.168.2.105
7/13/2022,00:47:41,192.168.2.105
7/13/2022,00:47:41,192.168.2.105
7/13/2022,00:47:41,192.168.2.105
7/13/2022,00:47:41,192.168.2.105
7/13/2022,00:47:41,192.168.2.105
7/13/2022,00:47:41,192.168.2.105
7/13/2022,00:47:41,192.168.2.105
7/13/2022,00:47:41,192.168.2.105
7/13/2022,00:46:15,192.168.2.105
7/13/2022,00:47:34,192.168.2.106
7/13/2022,00:49:01,192.168.2.106
7/13/2022,00:50:05,192.168.2.106
7/13/2022,00:54:50,192.168.2.107
7/13/2022,00:56:39,192.168.2.107
7/13/2022,00:57:53,192.168.2.107
7/13/2022,00:59:30,192.168.2.108
7/13/2022,01:01:53,192.168.2.102
7/13/2022,01:10:54,192.168.2.102
7/13/2022,01:11:33,192.168.2.102
7/13/2022,01:13:30,192.168.2.101
7/13/2022,01:13:59,192.168.2.104
7/13/2022,01:14:47,192.168.2.104
7/13/2022,01:20:22,192.168.2.104
7/13/2022,01:20:22,192.168.2.104
7/13/2022,00:46:15,192.168.2.105
7/13/2022,00:46:15,192.168.2.105
7/13/2022,00:46:15,192.168.2.105
7/13/2022,00:58:17,192.168.2.108
7/13/2022,01:21:08,192.168.2.104
7/13/2022,00:46:15,192.168.2.105
7/13/2022,00:46:15,192.168.2.105
7/13/2022,00:46:15,192.168.2.105
7/13/2022,00:58:17,192.168.2.108
7/13/2022,01:21:08,192.168.2.104
7/13/2022,00:46:15,192.168.2.105
7/13/2022,00:46:15,192.168.2.105
7/13/2022,00:46:15,192.168.2.105
7/13/2022,00:58:17,192.168.2.108
7/13/2022,01:21:08,192.168.2.104
7/13/2022,00:46:49,192.168.2.106
7/13/2022,00:47:34,192.168.2.106
7/13/2022,00:49:01,192.168.2.106
7/13/2022,00:50:05,192.168.2.106
7/13/2022,00:54:50,192.168.2.107
7/13/2022,00:56:39,192.168.2.107
7/13/2022,00:57:53,192.168.2.107
7/13/2022,00:59:30,192.168.2.108
7/13/2022,01:01:53,192.168.2.102
7/13/2022,01:10:54,192.168.2.102
7/13/2022,01:11:33,192.168.2.102
7/13/2022,01:13:41,"192.168.2,102"
7/13/2022,01:13:59,192.168.2.104
7/13/2022,01:14:47,192.168.2.104
7/13/2022,01:20:22,192.168.2.104
7/13/2022,01:20:51,192.168.2.104
7/13/2022,00:44:07,192.168.2.105
7/13/2022,00:44:07,192.168.2.105
7/13/2022,00:59:17,192.168.2.107
7/13/2022,00:59:17,192.168.2.107
7/13/2022,00:44:07,192.168.2.105
7/13/2022,00:44:07,192.168.2.105
7/13/2022,00:59:17,192.168.2.107
7/13/2022,00:59:17,192.168.2.107
7/13/2022,00:44:07,192.168.2.105
7/13/2022,00:44:07,192.168.2.105
7/13/2022,00:59:17,192.168.2.107
7/13/2022,00:59:17,192.168.2.107
7/13/2022,00:46:49,192.168.2.106
7/13/2022,00:47:34,192.168.2.106
7/13/2022,00:49:01,192.168.2.106
7/13/2022,00:50:05,192.168.2.106
7/13/2022,00:54:50,192.168.2.107
7/13/2022,00:56:39,192.168.2.107
7/13/2022,00:57:53,192.168.2.107
7/13/2022,00:59:30,192.168.2.108
7/13/2022,01:01:53,192.168.2.102
7/13/2022,01:10:54,192.168.2.102
7/13/2022,01:11:56,192.168.2.101
7/13/2022,01:13:41,"192.168.2,102"
7/13/2022,01:13:59,192.168.2.104
7/13/2022,01:14:47,192.168.2.104
7/13/2022,01:20:22,192.168.2.104
7/13/2022,01:20:51,192.168.2.104
7/13/2022,00:46:49,192.168.2.106
7/13/2022,00:47:34,192.168.2.106
7/13/2022,00:49:01,192.168.2.106
7/13/2022,00:51:11,192.168.2.107
7/13/2022,00:54:50,192.168.2.107
7/13/2022,00:56:39,192.168.2.107
7/13/2022,00:57:53,192.168.2.107
7/13/2022,00:59:30,192.168.2.108
7/13/2022,01:01:53,192.168.2.102
7/13/2022,01:11:15,192.168.2.101
7/13/2022,01:11:56,192.168.2.101
7/13/2022,01:13:41,"192.168.2,102"
7/13/2022,01:13:59,192.168.2.104
7/13/2022,01:19:21,192.168.2.103
7/13/2022,01:20:22,192.168.2.104
7/13/2022,00:46:49,192.168.2.106
7/13/2022,00:47:34,192.168.2.106
7/13/2022,00:49:01,192.168.2.106
7/13/2022,00:51:11,192.168.2.107
7/13/2022,00:54:50,192.168.2.107
7/13/2022,00:56:39,192.168.2.107
7/13/2022,00:58:17,192.168.2.108
7/13/2022,00:59:30,192.168.2.108
7/13/2022,01:01:53,192.168.2.102
7/13/2022,01:11:15,192.168.2.101
7/13/2022,01:11:56,192.168.2.101
7/13/2022,01:13:41,"192.168.2,102"
7/13/2022,01:13:59,192.168.2.104
7/13/2022,01:19:21,192.168.2.103
7/13/2022,01:20:29,192.168.2.103
7/13/2022,01:01:53,192.168.2.102
7/13/2022,01:02:46,192.168.2.101
7/13/2022,01:01:53,192.168.2.102
7/13/2022,01:02:46,192.168.2.101
7/13/2022,01:01:53,192.168.2.102
7/13/2022,01:02:46,192.168.2.101
7/13/2022,00:46:49,192.168.2.106
7/13/2022,00:47:41,192.168.2.105
7/13/2022,00:49:01,192.168.2.106
7/13/2022,00:51:11,192.168.2.107
7/13/2022,00:54:50,192.168.2.107
7/13/2022,00:56:46,192.168.2.108
7/13/2022,00:58:17,192.168.2.108
7/13/2022,00:59:30,192.168.2.108
7/13/2022,01:02:46,192.168.2.101
7/13/2022,01:11:15,192.168.2.101
7/13/2022,01:11:56,192.168.2.101
7/13/2022,01:13:41,"192.168.2,102"
7/13/2022,01:14:38,192.168.2.103
7/13/2022,01:19:21,192.168.2.103
7/13/2022,01:20:29,192.168.2.103
7/13/2022,00:46:15,192.168.2.105
7/13/2022,00:46:15,192.168.2.105
7/13/2022,00:46:15,192.168.2.105
7/13/2022,00:46:49,192.168.2.106
7/13/2022,00:47:41,192.168.2.105
7/13/2022,00:49:01,192.168.2.106
7/13/2022,00:51:11,192.168.2.107
7/13/2022,00:54:50,192.168.2.107
7/13/2022,00:56:46,192.168.2.108
7/13/2022,00:58:17,192.168.2.108
7/13/2022,00:59:30,192.168.2.108
7/13/2022,01:02:46,192.168.2.101
7/13/2022,01:11:15,192.168.2.101
7/13/2022,01:11:56,192.168.2.101
7/13/2022,01:13:41,"192.168.2,102"
7/13/2022,01:14:38,192.168.2.103
7/13/2022,01:19:21,192.168.2.103
7/13/2022,01:20:29,192.168.2.103
7/13/2022,00:49:01,192.168.2.106
7/13/2022,00:49:01,192.168.2.106
7/13/2022,01:14:38,192.168.2.103
7/13/2022,01:14:38,192.168.2.103
7/13/2022,01:14:38,192.168.2.103
7/13/2022,00:49:01,192.168.2.106
7/13/2022,00:49:01,192.168.2.106
7/13/2022,01:14:38,192.168.2.103
7/13/2022,01:14:38,192.168.2.103
7/13/2022,01:14:38,192.168.2.103
7/13/2022,00:49:01,192.168.2.106
7/13/2022,00:49:01,192.168.2.106
7/13/2022,01:14:38,192.168.2.103
7/13/2022,01:14:38,192.168.2.103
7/13/2022,01:14:38,192.168.2.103
7/13/2022,00:49:01,192.168.2.106
7/13/2022,00:49:01,192.168.2.106
7/13/2022,01:14:38,192.168.2.103
7/13/2022,01:14:38,192.168.2.103
7/13/2022,01:14:38,192.168.2.103
7/13/2022,00:49:01,192.168.2.106
7/13/2022,00:49:01,192.168.2.106
7/13/2022,01:14:38,192.168.2.103
7/13/2022,01:14:38,192.168.2.103
7/13/2022,01:14:38,192.168.2.103
7/13/2022,00:46:49,192.168.2.106
7/13/2022,00:47:41,192.168.2.105
7/13/2022,00:49:30,192.168.2.105
7/13/2022,00:51:11,192.168.2.107
7/13/2022,00:54:50,192.168.2.107
7/13/2022,00:56:46,192.168.2.108
7/13/2022,00:58:17,192.168.2.108
7/13/2022,00:59:30,192.168.2.108
7/13/2022,01:02:46,192.168.2.101
7/13/2022,01:11:15,192.168.2.101
7/13/2022,01:11:56,192.168.2.101
7/13/2022,01:13:41,"192.168.2,102"
7/13/2022,01:14:38,192.168.2.103
7/13/2022,01:19:21,192.168.2.103
7/13/2022,01:20:29,192.168.2.103
7/13/2022,00:49:30,192.168.2.105
7/13/2022,00:49:30,192.168.2.105
7/13/2022,01:13:49,192.168.2.103
7/13/2022,01:13:49,192.168.2.103
7/13/2022,01:13:49,192.168.2.103
7/13/2022,01:13:49,192.168.2.103
7/13/2022,01:13:49,192.168.2.103
7/13/2022,01:13:49,192.168.2.103
7/13/2022,01:13:49,192.168.2.103
7/13/2022,01:13:49,192.168.2.103
7/13/2022,01:13:49,192.168.2.103
7/13/2022,01:13:49,192.168.2.103
7/13/2022,01:13:49,192.168.2.103
7/13/2022,01:13:49,192.168.2.103
7/13/2022,01:13:49,192.168.2.103
7/13/2022,01:21:08,192.168.2.104
7/13/2022,01:21:08,192.168.2.104
7/13/2022,01:21:08,192.168.2.104
7/13/2022,00:49:30,192.168.2.105
7/13/2022,00:49:30,192.168.2.105
7/13/2022,01:13:49,192.168.2.103
7/13/2022,01:13:49,192.168.2.103
7/13/2022,01:13:49,192.168.2.103
7/13/2022,01:13:49,192.168.2.103
7/13/2022,01:13:49,192.168.2.103
7/13/2022,01:13:49,192.168.2.103
7/13/2022,01:13:49,192.168.2.103
7/13/2022,01:13:49,192.168.2.103
7/13/2022,01:13:49,192.168.2.103
7/13/2022,01:13:49,192.168.2.103
7/13/2022,01:13:49,192.168.2.103
7/13/2022,01:13:49,192.168.2.103
7/13/2022,01:13:49,192.168.2.103
7/13/2022,01:21:08,192.168.2.104
7/13/2022,01:21:08,192.168.2.104
7/13/2022,01:21:08,192.168.2.104
7/13/2022,00:49:30,192.168.2.105
7/13/2022,00:49:30,192.168.2.105
7/13/2022,01:13:49,192.168.2.103
7/13/2022,01:13:49,192.168.2.103
7/13/2022,01:13:49,192.168.2.103
7/13/2022,01:13:49,192.168.2.103
7/13/2022,01:13:49,192.168.2.103
7/13/2022,01:13:49,192.168.2.103
7/13/2022,01:13:49,192.168.2.103
7/13/2022,01:13:49,192.168.2.103
7/13/2022,01:13:49,192.168.2.103
7/13/2022,01:13:49,192.168.2.103
7/13/2022,01:13:49,192.168.2.103
7/13/2022,01:13:49,192.168.2.103
7/13/2022,01:13:49,192.168.2.103
7/13/2022,01:21:08,192.168.2.104
7/13/2022,01:21:08,192.168.2.104
7/13/2022,01:21:08,192.168.2.104
7/13/2022,00:46:49,192.168.2.106
7/13/2022,00:47:41,192.168.2.105
7/13/2022,00:49:30,192.168.2.105
7/13/2022,00:51:11,192.168.2.107
7/13/2022,00:54:50,192.168.2.107
7/13/2022,00:56:46,192.168.2.108
7/13/2022,00:58:17,192.168.2.108
7/13/2022,00:59:30,192.168.2.108
7/13/2022,01:02:46,192.168.2.101
7/13/2022,01:11:15,192.168.2.101
7/13/2022,01:11:56,192.168.2.101
7/13/2022,01:13:41,"192.168.2,102"
7/13/2022,01:14:38,192.168.2.103
7/13/2022,01:19:21,192.168.2.103
7/13/2022,01:20:29,192.168.2.103
7/13/2022,00:44:07,192.168.2.105
7/13/2022,00:44:07,192.168.2.105
7/13/2022,00:44:07,192.168.2.105
7/13/2022,00:44:07,192.168.2.105
7/13/2022,00:44:07,192.168.2.105
7/13/2022,00:44:07,192.168.2.105
7/13/2022,00:44:07,192.168.2.105
7/13/2022,00:44:07,192.168.2.105
7/13/2022,00:44:07,192.168.2.105
7/13/2022,00:59:56,192.168.2.101
7/13/2022,00:59:56,192.168.2.101
7/13/2022,00:44:07,192.168.2.105
7/13/2022,00:44:07,192.168.2.105
7/13/2022,00:50:05,192.168.2.106
7/13/2022,00:59:30,192.168.2.108
7/13/2022,01:21:08,192.168.2.104
7/13/2022,00:47:41,192.168.2.105
7/13/2022,00:47:41,192.168.2.105
7/13/2022,00:47:41,192.168.2.105
7/13/2022,00:47:41,192.168.2.105
7/13/2022,00:47:41,192.168.2.105
7/13/2022,00:47:41,192.168.2.105
7/13/2022,00:47:41,192.168.2.105
7/13/2022,00:59:30,192.168.2.108
08-11-2022,01:12:12,192.168.2.102
08-11-2022,01:12:12,192.168.2.102
08-11-2022,01:12:12,192.168.2.102
08-11-2022,01:12:12,192.168.2.102
08-11-2022,01:12:12,192.168.2.102
08-11-2022,01:12:12,192.168.2.102
08-11-2022,01:12:12,192.168.2.102
08-11-2022,01:12:12,192.168.2.102
08-11-2022,01:12:12,192.168.2.102
08-11-2022,01:12:12,192.168.2.102
08-11-2022,01:12:12,192.168.2.102
08-11-2022,01:12:12,192.168.2.102
08-11-2022,01:12:12,192.168.2.102
08-11-2022,01:12:12,192.168.2.102
08-11-2022,01:12:12,192.168.2.102
08-11-2022,01:12:12,192.168.2.102
08-11-2022,01:21:03,192.168.2.103
08-11-2022,01:21:03,192.168.2.103
08-11-2022,01:21:03,192.168.2.103
08-11-2022,01:21:03,192.168.2.103
08-11-2022,01:21:03,192.168.2.103
08-11-2022,01:21:03,192.168.2.103
08-11-2022,01:21:03,192.168.2.103
08-11-2022,01:21:03,192.168.2.103
08-11-2022,01:21:03,192.168.2.103
08-11-2022,01:21:03,192.168.2.103
08-11-2022,01:21:03,192.168.2.103
08-11-2022,01:21:03,192.168.2.103
08-11-2022,01:21:03,192.168.2.103
08-11-2022,01:21:21,192.168.2.103
08-11-2022,01:21:21,192.168.2.103
08-11-2022,01:21:21,192.168.2.103
08-11-2022,01:21:21,192.168.2.103
08-11-2022,01:21:21,192.168.2.103
08-11-2022,01:21:21,192.168.2.103
08-11-2022,01:21:21,192.168.2.103
08-11-2022,01:21:21,192.168.2.103
08-11-2022,01:21:21,192.168.2.103
08-11-2022,01:21:21,192.168.2.103
08-11-2022,01:21:21,192.168.2.103
08-11-2022,01:21:21,192.168.2.103
08-11-2022,01:21:21,192.168.2.103
08-11-2022,01:21:21,192.168.2.103
08-11-2022,01:21:21,192.168.2.103
08-11-2022,01:21:21,192.168.2.103
08-11-2022,01:21:21,192.168.2.103
08-11-2022,01:21:21,192.168.2.103
08-11-2022,01:21:21,192.168.2.103
08-11-2022,01:21:21,192.168.2.103
08-11-2022,01:21:21,192.168.2.103
08-11-2022,01:21:21,192.168.2.103
08-11-2022,01:21:21,192.168.2.103
08-11-2022,01:21:21,192.168.2.103
08-11-2022,01:12:12,192.168.2.102
08-11-2022,01:12:12,192.168.2.102
08-11-2022,01:12:12,192.168.2.102
08-11-2022,01:12:12,192.168.2.102
08-11-2022,01:12:12,192.168.2.102
08-11-2022,01:12:12,192.168.2.102
08-11-2022,01:12:12,192.168.2.102
08-11-2022,01:12:12,192.168.2.102
08-11-2022,01:21:03,192.168.2.103
08-11-2022,01:21:03,192.168.2.103
08-11-2022,01:21:03,192.168.2.103
08-11-2022,01:21:03,192.168.2.103
08-11-2022,01:21:03,192.168.2.103
08-11-2022,01:21:03,192.168.2.103
08-11-2022,01:21:03,192.168.2.103
08-11-2022,01:21:03,192.168.2.103
08-11-2022,01:21:03,192.168.2.103
08-11-2022,01:21:03,192.168.2.103
08-11-2022,01:21:03,192.168.2.103
8/13/2022,00:58:17,192.168.2.108
8/13/2022,01:01:53,192.168.2.102
8/13/2022,01:10:54,192.168.2.102
8/13/2022,01:11:33,192.168.2.102
8/13/2022,01:13:30,192.168.2.101
8/13/2022,01:14:38,192.168.2.103
8/13/2022,01:20:22,192.168.2.104
8/13/2022,01:20:51,192.168.2.104
8/13/2022,00:53:47,192.168.2.108
8/13/2022,00:59:17,192.168.2.107
8/13/2022,01:01:53,192.168.2.102
8/13/2022,01:10:54,192.168.2.102
8/13/2022,01:11:33,192.168.2.102
8/13/2022,01:13:41,"192.168.2,102"
8/13/2022,01:14:47,192.168.2.104
8/13/2022,01:20:22,192.168.2.104
8/13/2022,01:20:51,192.168.2.104
8/13/2022,00:55:43,"192.168.2,108"
8/13/2022,00:59:17,192.168.2.107
8/13/2022,01:01:53,192.168.2.102
8/13/2022,01:10:54,192.168.2.102
8/13/2022,01:11:33,192.168.2.102
8/13/2022,01:13:41,"192.168.2,102"
8/13/2022,01:14:47,192.168.2.104
8/13/2022,01:20:22,192.168.2.104
8/13/2022,01:20:51,192.168.2.104
8/13/2022,00:56:46,192.168.2.108
8/13/2022,00:44:07,192.168.2.105
8/13/2022,00:44:07,192.168.2.105
8/13/2022,00:44:07,192.168.2.105
8/13/2022,00:44:07,192.168.2.105
8/13/2022,00:44:07,192.168.2.105
8/13/2022,00:44:07,192.168.2.105
8/13/2022,00:44:07,192.168.2.105
8/13/2022,00:44:07,192.168.2.105
8/13/2022,00:44:07,192.168.2.105
8/13/2022,00:44:07,192.168.2.105
8/13/2022,00:44:07,192.168.2.105
8/13/2022,00:44:07,192.168.2.105
8/13/2022,00:44:07,192.168.2.105
8/13/2022,00:44:07,192.168.2.105
8/13/2022,00:46:15,192.168.2.105
8/13/2022,00:46:15,192.168.2.105
8/13/2022,00:46:15,192.168.2.105
8/13/2022,00:46:15,192.168.2.105
8/13/2022,00:46:15,192.168.2.105
8/13/2022,00:46:15,192.168.2.105
8/13/2022,00:46:15,192.168.2.105
8/13/2022,00:46:15,192.168.2.105
8/13/2022,00:46:15,192.168.2.105
8/13/2022,00:46:15,192.168.2.105
8/13/2022,00:46:15,192.168.2.105
8/13/2022,00:46:15,192.168.2.105
8/13/2022,00:46:15,192.168.2.105
8/13/2022,00:46:49,192.168.2.106
8/13/2022,00:46:49,192.168.2.106
8/13/2022,00:46:49,192.168.2.106
8/13/2022,00:46:49,192.168.2.106
8/13/2022,00:46:49,192.168.2.106
8/13/2022,00:46:49,192.168.2.106
8/13/2022,00:46:49,192.168.2.106
8/13/2022,00:46:49,192.168.2.106
8/13/2022,00:46:49,192.168.2.106
8/13/2022,00:46:55,192.168.2.105
8/13/2022,00:46:55,192.168.2.105
8/13/2022,00:46:55,192.168.2.105
8/13/2022,00:46:55,192.168.2.105
8/13/2022,00:46:55,192.168.2.105
8/13/2022,00:46:55,192.168.2.105
8/13/2022,00:46:55,192.168.2.105
8/13/2022,00:46:55,192.168.2.105
8/13/2022,00:46:55,192.168.2.105
8/13/2022,00:47:34,192.168.2.106
8/13/2022,00:47:34,192.168.2.106
8/13/2022,00:47:34,192.168.2.106
8/13/2022,00:47:34,192.168.2.106
8/13/2022,00:47:34,192.168.2.106
8/13/2022,00:47:34,192.168.2.106
8/13/2022,00:47:34,192.168.2.106
8/13/2022,00:47:34,192.168.2.106
8/13/2022,00:47:34,192.168.2.106
8/13/2022,00:47:34,192.168.2.106
8/13/2022,00:47:34,192.168.2.106
8/13/2022,00:47:34,192.168.2.106
8/13/2022,00:47:34,192.168.2.106
8/13/2022,00:47:34,192.168.2.106
8/13/2022,00:47:34,192.168.2.106
8/13/2022,00:47:34,192.168.2.106
8/13/2022,00:47:51,192.168.2.106
8/13/2022,00:47:51,192.168.2.106
8/13/2022,00:47:51,192.168.2.106
8/13/2022,00:47:51,192.168.2.106
8/13/2022,00:47:51,192.168.2.106
8/13/2022,00:47:51,192.168.2.106
8/13/2022,00:47:51,192.168.2.106
8/13/2022,00:47:51,192.168.2.106
8/13/2022,00:47:51,192.168.2.106
8/13/2022,00:47:51,192.168.2.106
8/13/2022,00:47:51,192.168.2.106
8/13/2022,00:47:51,192.168.2.106
8/13/2022,00:47:51,192.168.2.106
8/13/2022,00:49:01,192.168.2.106
8/13/2022,00:49:01,192.168.2.106
8/13/2022,00:49:01,192.168.2.106
8/13/2022,00:49:01,192.168.2.106
8/13/2022,00:49:01,192.168.2.106
8/13/2022,00:49:01,192.168.2.106
8/13/2022,00:49:01,192.168.2.106
8/13/2022,00:49:01,192.168.2.106
8/13/2022,00:49:01,192.168.2.106
8/13/2022,00:49:01,192.168.2.106
8/13/2022,00:49:01,192.168.2.106
8/13/2022,00:49:01,192.168.2.106
8/13/2022,00:49:01,192.168.2.106
8/13/2022,00:49:30,192.168.2.105
8/13/2022,00:49:30,192.168.2.105
8/13/2022,00:49:30,192.168.2.105
8/13/2022,00:49:30,192.168.2.105
8/13/2022,00:49:30,192.168.2.105
8/13/2022,00:49:30,192.168.2.105
8/13/2022,00:49:30,192.168.2.105
8/13/2022,00:49:30,192.168.2.105
8/13/2022,00:49:30,192.168.2.105
8/13/2022,00:49:30,192.168.2.105
8/13/2022,00:49:30,192.168.2.105
8/13/2022,00:49:30,192.168.2.105
8/13/2022,00:49:30,192.168.2.105
8/13/2022,00:50:05,192.168.2.106
8/13/2022,00:50:05,192.168.2.106
8/13/2022,00:50:05,192.168.2.106
8/13/2022,00:50:05,192.168.2.106
8/13/2022,00:50:05,192.168.2.106
8/13/2022,00:50:05,192.168.2.106
8/13/2022,00:50:05,192.168.2.106
8/13/2022,00:50:05,192.168.2.106
8/13/2022,00:50:05,192.168.2.106
8/13/2022,00:50:05,192.168.2.106
8/13/2022,00:50:05,192.168.2.106
8/13/2022,00:50:05,192.168.2.106
8/13/2022,00:50:05,192.168.2.106
8/13/2022,00:51:11,192.168.2.107
8/13/2022,00:51:11,192.168.2.107
8/13/2022,00:51:11,192.168.2.107
8/13/2022,00:51:11,192.168.2.107
8/13/2022,00:51:11,192.168.2.107
8/13/2022,00:51:11,192.168.2.107
8/13/2022,00:51:11,192.168.2.107
8/13/2022,00:51:11,192.168.2.107
8/13/2022,00:51:11,192.168.2.107
8/13/2022,00:51:11,192.168.2.107
8/13/2022,00:51:11,192.168.2.107
8/13/2022,00:51:11,192.168.2.107
8/13/2022,00:51:11,192.168.2.107
8/13/2022,00:53:47,192.168.2.108
8/13/2022,00:53:47,192.168.2.108
8/13/2022,00:53:47,192.168.2.108
8/13/2022,00:53:47,192.168.2.108
8/13/2022,00:53:47,192.168.2.108
8/13/2022,00:53:47,192.168.2.108
8/13/2022,00:53:47,192.168.2.108
8/13/2022,00:53:47,192.168.2.108
8/13/2022,00:53:47,192.168.2.108
8/13/2022,00:53:47,192.168.2.108
8/13/2022,00:53:47,192.168.2.108
8/13/2022,00:53:47,192.168.2.108
8/13/2022,00:53:47,192.168.2.108
8/13/2022,00:53:47,192.168.2.108
8/13/2022,00:53:47,192.168.2.108
8/13/2022,00:54:50,192.168.2.107
8/13/2022,00:54:50,192.168.2.107
8/13/2022,00:54:50,192.168.2.107
8/13/2022,00:54:50,192.168.2.107
8/13/2022,00:54:50,192.168.2.107
8/13/2022,00:54:50,192.168.2.107
8/13/2022,00:54:50,192.168.2.107
8/13/2022,00:54:50,192.168.2.107
8/13/2022,00:54:50,192.168.2.107
8/13/2022,00:54:50,192.168.2.107
8/13/2022,00:54:50,192.168.2.107
8/13/2022,00:54:50,192.168.2.107
8/13/2022,00:54:50,192.168.2.107
8/13/2022,00:55:43,"192.168.2,108"
8/13/2022,00:55:43,"192.168.2,108"
8/13/2022,00:55:43,"192.168.2,108"
8/13/2022,00:55:43,"192.168.2,108"
8/13/2022,00:55:43,"192.168.2,108"
8/13/2022,00:55:43,"192.168.2,108"
8/13/2022,00:55:43,"192.168.2,108"
8/13/2022,00:55:43,"192.168.2,108"
8/13/2022,00:55:43,"192.168.2,108"
8/13/2022,00:55:43,"192.168.2,108"
8/13/2022,00:55:43,"192.168.2,108"
8/13/2022,00:55:43,"192.168.2,108"
8/13/2022,00:55:43,"192.168.2,108"
8/13/2022,00:56:39,192.168.2.107
8/13/2022,00:56:39,192.168.2.107
8/13/2022,00:56:39,192.168.2.107
8/13/2022,00:56:39,192.168.2.107
8/13/2022,00:56:39,192.168.2.107
8/13/2022,00:56:39,192.168.2.107
8/13/2022,00:56:39,192.168.2.107
8/13/2022,00:56:39,192.168.2.107
8/13/2022,00:56:39,192.168.2.107
8/13/2022,00:56:39,192.168.2.107
8/13/2022,00:56:46,192.168.2.108
8/13/2022,00:56:46,192.168.2.108
8/13/2022,00:56:46,192.168.2.108
8/13/2022,00:56:46,192.168.2.108
8/13/2022,00:56:46,192.168.2.108
8/13/2022,00:56:46,192.168.2.108
8/13/2022,00:56:46,192.168.2.108
8/13/2022,00:56:46,192.168.2.108
8/13/2022,00:56:46,192.168.2.108
8/13/2022,00:56:46,192.168.2.108
8/13/2022,00:56:46,192.168.2.108
8/13/2022,00:56:46,192.168.2.108
8/13/2022,00:56:46,192.168.2.108
8/13/2022,00:57:53,192.168.2.107
8/13/2022,00:57:53,192.168.2.107
8/13/2022,00:57:53,192.168.2.107
8/13/2022,00:57:53,192.168.2.107
8/13/2022,00:57:53,192.168.2.107
8/13/2022,00:57:53,192.168.2.107
8/13/2022,00:57:53,192.168.2.107
8/13/2022,00:57:53,192.168.2.107
8/13/2022,00:57:53,192.168.2.107
8/13/2022,00:57:53,192.168.2.107
8/13/2022,00:57:53,192.168.2.107
8/13/2022,00:57:53,192.168.2.107
8/13/2022,00:57:53,192.168.2.107
8/13/2022,00:58:17,192.168.2.108
8/13/2022,00:58:17,192.168.2.108
8/13/2022,00:58:17,192.168.2.108
8/13/2022,00:58:17,192.168.2.108
8/13/2022,00:58:17,192.168.2.108
8/13/2022,00:58:17,192.168.2.108
8/13/2022,00:58:17,192.168.2.108
8/13/2022,00:58:17,192.168.2.108
8/13/2022,00:58:17,192.168.2.108
8/13/2022,00:58:17,192.168.2.108
8/13/2022,00:58:17,192.168.2.108
8/13/2022,00:58:17,192.168.2.108
8/13/2022,00:58:17,192.168.2.108
8/13/2022,00:59:17,192.168.2.107
8/13/2022,00:59:17,192.168.2.107
8/13/2022,00:59:17,192.168.2.107
8/13/2022,00:59:17,192.168.2.107
8/13/2022,00:59:17,192.168.2.107
8/13/2022,00:59:17,192.168.2.107
8/13/2022,00:59:17,192.168.2.107
8/13/2022,00:59:17,192.168.2.107
8/13/2022,00:59:17,192.168.2.107
8/13/2022,00:59:30,192.168.2.108
8/13/2022,00:59:30,192.168.2.108
8/13/2022,00:59:30,192.168.2.108
8/13/2022,00:59:30,192.168.2.108
8/13/2022,00:59:30,192.168.2.108
8/13/2022,00:59:30,192.168.2.108
8/13/2022,00:59:30,192.168.2.108
8/13/2022,00:59:56,192.168.2.101
8/13/2022,00:59:56,192.168.2.101
8/13/2022,00:59:56,192.168.2.101
8/13/2022,00:59:56,192.168.2.101
8/13/2022,00:59:56,192.168.2.101
8/13/2022,00:59:56,192.168.2.101
8/13/2022,00:59:56,192.168.2.101
8/13/2022,00:59:56,192.168.2.101
8/13/2022,00:59:56,192.168.2.101
8/13/2022,00:59:56,192.168.2.101
8/13/2022,00:59:56,192.168.2.101
8/13/2022,00:59:56,192.168.2.101
8/13/2022,00:59:56,192.168.2.101
8/13/2022,01:01:53,192.168.2.102
8/13/2022,01:01:53,192.168.2.102
8/13/2022,01:01:53,192.168.2.102
8/13/2022,01:01:53,192.168.2.102
8/13/2022,01:01:53,192.168.2.102
8/13/2022,01:01:53,192.168.2.102
8/13/2022,01:01:53,192.168.2.102
8/13/2022,01:01:53,192.168.2.102
8/13/2022,01:02:46,192.168.2.101
8/13/2022,01:02:46,192.168.2.101
8/13/2022,01:02:46,192.168.2.101
8/13/2022,01:02:46,192.168.2.101
8/13/2022,01:10:54,192.168.2.102
8/13/2022,01:10:54,192.168.2.102
8/13/2022,01:10:54,192.168.2.102
8/13/2022,01:10:54,192.168.2.102
8/13/2022,01:10:54,192.168.2.102
8/13/2022,01:10:54,192.168.2.102
8/13/2022,01:11:56,192.168.2.101
8/13/2022,01:11:56,192.168.2.101
8/13/2022,01:11:56,192.168.2.101
8/13/2022,01:11:56,192.168.2.101
8/13/2022,01:13:30,192.168.2.101
8/13/2022,01:13:30,192.168.2.101
8/13/2022,01:13:30,192.168.2.101
8/13/2022,01:13:30,192.168.2.101
8/13/2022,01:13:30,192.168.2.101
8/13/2022,01:13:30,192.168.2.101
8/13/2022,01:13:30,192.168.2.101
8/13/2022,01:13:30,192.168.2.101
8/13/2022,01:13:30,192.168.2.101
8/13/2022,01:13:30,192.168.2.101
8/13/2022,01:13:30,192.168.2.101
8/13/2022,01:13:30,192.168.2.101
8/13/2022,01:13:30,192.168.2.101
8/13/2022,01:13:41,"192.168.2,102"
8/13/2022,01:13:41,"192.168.2,102"
8/13/2022,01:13:41,"192.168.2,102"
8/13/2022,01:13:41,"192.168.2,102"
8/13/2022,01:13:41,"192.168.2,102"
8/13/2022,01:13:49,192.168.2.103
8/13/2022,01:13:49,192.168.2.103
8/13/2022,01:13:49,192.168.2.103
8/13/2022,01:13:49,192.168.2.103
8/13/2022,01:13:49,192.168.2.103
8/13/2022,01:13:49,192.168.2.103
8/13/2022,01:13:49,192.168.2.103
8/13/2022,01:13:49,192.168.2.103
8/13/2022,01:13:49,192.168.2.103
8/13/2022,01:13:49,192.168.2.103
8/13/2022,01:13:49,192.168.2.103
8/13/2022,01:13:49,192.168.2.103
8/13/2022,01:13:49,192.168.2.103
8/13/2022,01:13:59,192.168.2.104
8/13/2022,01:13:59,192.168.2.104
8/13/2022,01:13:59,192.168.2.104
8/13/2022,01:13:59,192.168.2.104
8/13/2022,01:13:59,192.168.2.104
8/13/2022,01:13:59,192.168.2.104
8/13/2022,01:13:59,192.168.2.104
8/13/2022,01:13:59,192.168.2.104
8/13/2022,01:14:38,192.168.2.103
8/13/2022,01:14:38,192.168.2.103
8/13/2022,01:14:47,192.168.2.104
8/13/2022,01:14:47,192.168.2.104
8/13/2022,01:14:47,192.168.2.104
8/13/2022,01:14:47,192.168.2.104
8/13/2022,01:14:47,192.168.2.104
8/13/2022,01:14:47,192.168.2.104
8/13/2022,01:14:47,192.168.2.104
8/13/2022,01:14:47,192.168.2.104
8/13/2022,01:14:47,192.168.2.104
8/13/2022,01:14:47,192.168.2.104
8/13/2022,01:14:47,192.168.2.104
8/13/2022,01:14:47,192.168.2.104
8/13/2022,01:14:47,192.168.2.104
8/13/2022,01:19:21,192.168.2.103
8/13/2022,01:19:21,192.168.2.103
8/13/2022,01:19:21,192.168.2.103
8/13/2022,01:19:21,192.168.2.103
8/13/2022,01:19:21,192.168.2.103
8/13/2022,01:19:21,192.168.2.103
8/13/2022,01:19:21,192.168.2.103
8/13/2022,01:19:21,192.168.2.103
8/13/2022,01:19:21,192.168.2.103
8/13/2022,01:19:21,192.168.2.103
8/13/2022,01:19:21,192.168.2.103
8/13/2022,01:19:21,192.168.2.103
8/13/2022,01:19:21,192.168.2.103
8/13/2022,01:20:22,192.168.2.104
8/13/2022,01:20:22,192.168.2.104
8/13/2022,01:20:22,192.168.2.104
8/13/2022,01:20:22,192.168.2.104
8/13/2022,01:20:22,192.168.2.104
8/13/2022,01:20:22,192.168.2.104
8/13/2022,01:20:22,192.168.2.104
8/13/2022,01:20:22,192.168.2.104
8/13/2022,01:20:22,192.168.2.104
8/13/2022,01:20:22,192.168.2.104
8/13/2022,01:20:22,192.168.2.104
8/13/2022,01:20:22,192.168.2.104
8/13/2022,01:20:22,192.168.2.104
8/13/2022,01:20:29,192.168.2.103
8/13/2022,01:20:29,192.168.2.103
8/13/2022,01:20:29,192.168.2.103
8/13/2022,01:20:29,192.168.2.103
8/13/2022,01:20:29,192.168.2.103
8/13/2022,01:20:29,192.168.2.103
8/13/2022,01:20:29,192.168.2.103
8/13/2022,01:20:29,192.168.2.103
8/13/2022,01:20:29,192.168.2.103
8/13/2022,01:20:29,192.168.2.103
8/13/2022,01:20:29,192.168.2.103
8/13/2022,01:20:29,192.168.2.103
8/13/2022,01:20:29,192.168.2.103
8/13/2022,01:20:51,192.168.2.104
8/13/2022,01:20:51,192.168.2.104
8/13/2022,01:20:51,192.168.2.104
8/13/2022,01:20:51,192.168.2.104
8/13/2022,01:20:51,192.168.2.104
8/13/2022,01:20:51,192.168.2.104
8/13/2022,01:20:51,192.168.2.104
8/13/2022,01:20:51,192.168.2.104
8/13/2022,01:20:51,192.168.2.104
8/13/2022,01:20:51,192.168.2.104
8/13/2022,01:20:51,192.168.2.104
8/13/2022,01:20:51,192.168.2.104
8/13/2022,01:20:51,192.168.2.104
8/13/2022,01:21:08,192.168.2.104
8/13/2022,01:21:08,192.168.2.104
8/13/2022,01:21:08,192.168.2.104
8/13/2022,01:21:08,192.168.2.104
8/13/2022,01:21:08,192.168.2.104
8/13/2022,01:21:08,192.168.2.104
8/13/2022,01:21:08,192.168.2.104
8/13/2022,01:21:08,192.168.2.104
8/13/2022,01:21:08,192.168.2.104
8/13/2022,01:21:08,192.168.2.104
8/13/2022,01:21:08,192.168.2.104
8/13/2022,01:21:08,192.168.2.104
8/13/2022,01:21:08,192.168.2.104
8/13/2022,00:59:17,192.168.2.107
8/13/2022,01:01:53,192.168.2.102
8/13/2022,01:10:54,192.168.2.102
8/13/2022,01:11:33,192.168.2.102
8/13/2022,01:13:41,"192.168.2,102"
8/13/2022,01:14:47,192.168.2.104
8/13/2022,01:20:22,192.168.2.104
8/13/2022,01:20:51,192.168.2.104
8/13/2022,00:47:41,192.168.2.105
8/13/2022,00:47:41,192.168.2.105
8/13/2022,00:50:05,192.168.2.106
8/13/2022,00:55:43,"192.168.2,108"
8/13/2022,00:56:46,192.168.2.108
8/13/2022,00:59:17,192.168.2.107
8/13/2022,01:01:53,192.168.2.102
8/13/2022,01:10:54,192.168.2.102
8/13/2022,01:11:56,192.168.2.101
8/13/2022,01:13:41,"192.168.2,102"
8/13/2022,01:14:47,192.168.2.104
8/13/2022,01:20:22,192.168.2.104
8/13/2022,01:20:51,192.168.2.104
8/13/2022,00:50:05,192.168.2.106
8/13/2022,00:47:51,192.168.2.106
8/13/2022,00:50:05,192.168.2.106
8/13/2022,00:53:47,192.168.2.108
8/13/2022,00:55:43,"192.168.2,108"
8/13/2022,00:56:46,192.168.2.108
8/13/2022,00:59:17,192.168.2.107
8/13/2022,01:01:53,192.168.2.102
8/13/2022,01:10:54,192.168.2.102
8/13/2022,01:11:56,192.168.2.101
8/13/2022,01:13:49,192.168.2.103
8/13/2022,01:14:47,192.168.2.104
8/13/2022,01:20:22,192.168.2.104
8/13/2022,01:20:51,192.168.2.104
8/13/2022,00:53:47,192.168.2.108
8/13/2022,00:47:51,192.168.2.106
8/13/2022,00:50:05,192.168.2.106
8/13/2022,00:53:47,192.168.2.108
8/13/2022,00:55:43,"192.168.2,108"
8/13/2022,00:57:53,192.168.2.107
8/13/2022,00:59:17,192.168.2.107
8/13/2022,01:01:53,192.168.2.102
8/13/2022,01:10:54,192.168.2.102
8/13/2022,01:11:56,192.168.2.101
8/13/2022,01:13:49,192.168.2.103
8/13/2022,01:14:47,192.168.2.104
8/13/2022,01:20:22,192.168.2.104
8/13/2022,01:21:08,192.168.2.104
8/13/2022,00:55:43,"192.168.2,108"
8/13/2022,00:47:51,192.168.2.106
8/13/2022,00:50:05,192.168.2.106
8/13/2022,00:54:50,192.168.2.107
8/13/2022,00:56:39,192.168.2.107
8/13/2022,00:57:53,192.168.2.107
8/13/2022,00:59:17,192.168.2.107
8/13/2022,01:01:53,192.168.2.102
8/13/2022,01:11:15,192.168.2.101
8/13/2022,01:11:56,192.168.2.101
8/13/2022,01:13:49,192.168.2.103
8/13/2022,01:14:47,192.168.2.104
8/13/2022,01:20:22,192.168.2.104
8/13/2022,01:21:08,192.168.2.104
8/13/2022,00:56:46,192.168.2.108
8/13/2022,00:47:51,192.168.2.106
8/13/2022,00:50:05,192.168.2.106
8/13/2022,00:54:50,192.168.2.107
8/13/2022,00:56:39,192.168.2.107
8/13/2022,00:57:53,192.168.2.107
8/13/2022,00:59:17,192.168.2.107
8/13/2022,01:01:53,192.168.2.102
8/13/2022,01:11:15,192.168.2.101
8/13/2022,01:11:56,192.168.2.101
8/13/2022,01:13:49,192.168.2.103
8/13/2022,01:14:47,192.168.2.104
8/13/2022,01:20:22,192.168.2.104
8/13/2022,01:21:08,192.168.2.104
8/13/2022,00:47:51,192.168.2.106
8/13/2022,00:51:11,192.168.2.107
8/13/2022,00:54:50,192.168.2.107
8/13/2022,00:56:39,192.168.2.107
8/13/2022,00:57:53,192.168.2.107
8/13/2022,00:59:30,192.168.2.108
8/13/2022,01:02:46,192.168.2.101
8/13/2022,01:11:15,192.168.2.101
8/13/2022,01:11:56,192.168.2.101
8/13/2022,01:13:49,192.168.2.103
8/13/2022,01:14:47,192.168.2.104
8/13/2022,01:20:29,192.168.2.103
8/13/2022,01:21:08,192.168.2.104
8/13/2022,00:47:51,192.168.2.106
8/13/2022,00:50:05,192.168.2.106
8/13/2022,00:51:11,192.168.2.107
8/13/2022,00:51:11,192.168.2.107
8/13/2022,00:54:50,192.168.2.107
8/13/2022,00:56:39,192.168.2.107
8/13/2022,00:57:53,192.168.2.107
8/13/2022,00:59:30,192.168.2.108
8/13/2022,01:02:46,192.168.2.101
8/13/2022,01:11:15,192.168.2.101
8/13/2022,01:11:56,192.168.2.101
8/13/2022,01:13:49,192.168.2.103
8/13/2022,01:14:47,192.168.2.104
8/13/2022,01:20:29,192.168.2.103
8/13/2022,01:21:08,192.168.2.104
8/13/2022,00:47:51,192.168.2.106
8/13/2022,00:51:11,192.168.2.107
8/13/2022,00:54:50,192.168.2.107
8/13/2022,00:56:39,192.168.2.107
8/13/2022,00:57:53,192.168.2.107
8/13/2022,00:44:07,192.168.2.105
8/13/2022,00:44:07,192.168.2.105
8/13/2022,00:44:07,192.168.2.105
8/13/2022,00:44:07,192.168.2.105
8/13/2022,00:44:07,192.168.2.105
8/13/2022,00:46:55,192.168.2.105
8/13/2022,00:47:34,192.168.2.106
8/13/2022,00:47:34,192.168.2.106
8/13/2022,00:59:30,192.168.2.108
8/13/2022,01:02:46,192.168.2.101
8/13/2022,01:11:15,192.168.2.101
8/13/2022,01:11:56,192.168.2.101
8/13/2022,01:13:49,192.168.2.103
8/13/2022,01:14:47,192.168.2.104
8/13/2022,01:20:29,192.168.2.103
8/13/2022,01:21:08,192.168.2.104
8/13/2022,00:46:15,192.168.2.105
8/13/2022,00:46:15,192.168.2.105
8/13/2022,00:47:34,192.168.2.106
8/13/2022,00:47:51,192.168.2.106
8/13/2022,00:49:01,192.168.2.106
8/13/2022,00:51:11,192.168.2.107
8/13/2022,00:54:50,192.168.2.107
8/13/2022,00:56:39,192.168.2.107
8/13/2022,00:57:53,192.168.2.107
8/13/2022,00:58:17,192.168.2.108
8/13/2022,00:58:17,192.168.2.108
8/13/2022,00:59:30,192.168.2.108
8/13/2022,01:02:46,192.168.2.101
8/13/2022,01:11:15,192.168.2.101
8/13/2022,01:11:56,192.168.2.101
8/13/2022,01:13:49,192.168.2.103
8/13/2022,01:19:21,192.168.2.103
8/13/2022,01:20:29,192.168.2.103
8/13/2022,01:21:08,192.168.2.104
8/13/2022,00:47:51,192.168.2.106
8/13/2022,00:51:11,192.168.2.107
8/13/2022,00:54:50,192.168.2.107
8/13/2022,00:56:39,192.168.2.107
8/13/2022,00:56:39,192.168.2.107
8/13/2022,00:56:39,192.168.2.107
8/13/2022,00:56:39,192.168.2.107
8/13/2022,00:56:39,192.168.2.107
8/13/2022,00:57:53,192.168.2.107
8/13/2022,00:59:30,192.168.2.108
8/13/2022,01:02:46,192.168.2.101
8/13/2022,01:11:15,192.168.2.101
8/13/2022,01:11:56,192.168.2.101
8/13/2022,01:13:49,192.168.2.103
8/13/2022,01:19:21,192.168.2.103
8/13/2022,01:20:29,192.168.2.103
8/13/2022,01:21:08,192.168.2.104
8/13/2022,00:47:51,192.168.2.106
8/13/2022,00:47:51,192.168.2.106
8/13/2022,00:49:30,192.168.2.105
8/13/2022,00:49:30,192.168.2.105
8/13/2022,00:50:05,192.168.2.106
8/13/2022,00:51:11,192.168.2.107
8/13/2022,00:54:50,192.168.2.107
8/13/2022,00:56:39,192.168.2.107
8/13/2022,00:58:17,192.168.2.108
8/13/2022,00:59:30,192.168.2.108
8/13/2022,01:02:46,192.168.2.101
8/13/2022,01:11:15,192.168.2.101
8/13/2022,01:11:56,192.168.2.101
8/13/2022,01:13:49,192.168.2.103
8/13/2022,01:19:21,192.168.2.103
8/13/2022,01:20:29,192.168.2.103
8/13/2022,01:21:08,192.168.2.104
8/13/2022,00:47:51,192.168.2.106
8/13/2022,00:50:05,192.168.2.106
8/13/2022,00:51:11,192.168.2.107
8/13/2022,00:51:11,192.168.2.107
8/13/2022,00:53:47,192.168.2.108
8/13/2022,00:54:50,192.168.2.107
8/13/2022,00:56:39,192.168.2.107
8/13/2022,00:58:17,192.168.2.108
8/13/2022,00:59:30,192.168.2.108
8/13/2022,01:02:46,192.168.2.101
8/13/2022,01:11:15,192.168.2.101
8/13/2022,01:13:30,192.168.2.101
8/13/2022,01:13:49,192.168.2.103
8/13/2022,01:19:21,192.168.2.103
8/13/2022,01:20:29,192.168.2.103
8/13/2022,01:21:08,192.168.2.104
8/13/2022,00:46:49,192.168.2.106
8/13/2022,00:46:55,192.168.2.105
8/13/2022,00:46:55,192.168.2.105
8/13/2022,00:46:55,192.168.2.105
8/13/2022,00:47:34,192.168.2.106
8/13/2022,00:47:34,192.168.2.106
8/13/2022,00:47:34,192.168.2.106
8/13/2022,00:47:41,192.168.2.105
8/13/2022,00:47:41,192.168.2.105
8/13/2022,00:44:07,192.168.2.105
8/13/2022,00:44:07,192.168.2.105
8/13/2022,00:46:15,192.168.2.105
8/13/2022,00:46:15,192.168.2.105
8/13/2022,00:46:49,192.168.2.106
8/13/2022,00:46:49,192.168.2.106
8/13/2022,00:46:49,192.168.2.106
8/13/2022,00:46:55,192.168.2.105
8/13/2022,00:46:55,192.168.2.105
8/13/2022,00:46:55,192.168.2.105
8/13/2022,00:47:34,192.168.2.106
8/13/2022,00:47:34,192.168.2.106
8/13/2022,00:47:34,192.168.2.106
8/13/2022,00:47:41,192.168.2.105
8/13/2022,00:47:41,192.168.2.105
8/13/2022,00:47:41,192.168.2.105
8/13/2022,00:47:41,192.168.2.105
8/13/2022,00:47:41,192.168.2.105
8/13/2022,00:49:01,192.168.2.106
8/13/2022,00:50:05,192.168.2.106
8/13/2022,00:51:11,192.168.2.107
8/13/2022,00:54:50,192.168.2.107
8/13/2022,00:56:39,192.168.2.107
8/13/2022,00:57:53,192.168.2.107
8/13/2022,00:58:17,192.168.2.108
8/13/2022,00:59:56,192.168.2.101
8/13/2022,00:59:56,192.168.2.101
8/13/2022,01:02:46,192.168.2.101
8/13/2022,01:11:15,192.168.2.101
8/13/2022,01:13:30,192.168.2.101
8/13/2022,01:13:49,192.168.2.103
8/13/2022,01:19:21,192.168.2.103
8/13/2022,01:20:29,192.168.2.103
8/13/2022,01:21:08,192.168.2.104
8/13/2022,00:44:07,192.168.2.105
8/13/2022,00:46:49,192.168.2.106
8/13/2022,00:46:49,192.168.2.106
8/13/2022,00:46:49,192.168.2.106
8/13/2022,00:46:49,192.168.2.106
8/13/2022,00:46:49,192.168.2.106
8/13/2022,00:46:55,192.168.2.105
8/13/2022,00:46:55,192.168.2.105
8/13/2022,00:46:55,192.168.2.105
8/13/2022,00:46:55,192.168.2.105
8/13/2022,00:46:55,192.168.2.105
8/13/2022,00:47:34,192.168.2.106
8/13/2022,00:49:01,192.168.2.106
8/13/2022,00:50:05,192.168.2.106
8/13/2022,00:51:11,192.168.2.107
8/13/2022,00:54:50,192.168.2.107
8/13/2022,00:56:39,192.168.2.107
8/13/2022,00:57:53,192.168.2.107
8/13/2022,00:58:17,192.168.2.108
8/13/2022,00:59:56,192.168.2.101
8/13/2022,01:02:46,192.168.2.101
8/13/2022,01:11:15,192.168.2.101
8/13/2022,01:13:30,192.168.2.101
8/13/2022,01:13:49,192.168.2.103
8/13/2022,01:19:21,192.168.2.103
8/13/2022,01:20:29,192.168.2.103
8/13/2022,01:13:49,192.168.2.103
8/13/2022,00:49:01,192.168.2.106
8/13/2022,00:49:30,192.168.2.105
8/13/2022,00:51:11,192.168.2.107
8/13/2022,00:54:50,192.168.2.107
8/13/2022,00:56:46,192.168.2.108
8/13/2022,00:58:17,192.168.2.108
8/13/2022,00:59:17,192.168.2.107
8/13/2022,00:59:17,192.168.2.107
8/13/2022,00:59:17,192.168.2.107
8/13/2022,00:59:17,192.168.2.107
8/13/2022,00:59:17,192.168.2.107
8/13/2022,00:59:17,192.168.2.107
8/13/2022,00:59:56,192.168.2.101
8/13/2022,01:02:46,192.168.2.101
8/13/2022,01:11:33,192.168.2.102
8/13/2022,01:13:30,192.168.2.101
8/13/2022,01:13:59,192.168.2.104
8/13/2022,01:19:21,192.168.2.103
8/13/2022,01:20:29,192.168.2.103
8/13/2022,01:13:49,192.168.2.103
8/13/2022,00:49:01,192.168.2.106
8/13/2022,00:49:30,192.168.2.105
8/13/2022,00:53:47,192.168.2.108
8/13/2022,00:55:43,"192.168.2,108"
8/13/2022,00:56:46,192.168.2.108
8/13/2022,00:58:17,192.168.2.108
8/13/2022,00:59:30,192.168.2.108
8/13/2022,00:59:30,192.168.2.108
8/13/2022,00:59:30,192.168.2.108
8/13/2022,00:59:30,192.168.2.108
8/13/2022,00:59:30,192.168.2.108
8/13/2022,00:59:30,192.168.2.108
8/13/2022,00:59:30,192.168.2.108
8/13/2022,00:59:30,192.168.2.108
8/13/2022,00:59:30,192.168.2.108
8/13/2022,00:59:30,192.168.2.108
8/13/2022,00:59:30,192.168.2.108
8/13/2022,01:01:53,192.168.2.102
8/13/2022,01:01:53,192.168.2.102
8/13/2022,01:01:53,192.168.2.102
8/13/2022,00:59:56,192.168.2.101
8/13/2022,01:02:46,192.168.2.101
8/13/2022,01:11:33,192.168.2.102
8/13/2022,01:13:30,192.168.2.101
8/13/2022,01:13:59,192.168.2.104
8/13/2022,01:19:21,192.168.2.103
8/13/2022,01:20:29,192.168.2.103
8/13/2022,01:13:49,192.168.2.103
8/13/2022,00:49:01,192.168.2.106
8/13/2022,00:49:30,192.168.2.105
8/13/2022,00:53:47,192.168.2.108
8/13/2022,00:55:43,"192.168.2,108"
8/13/2022,00:56:46,192.168.2.108
8/13/2022,00:58:17,192.168.2.108
8/13/2022,00:59:56,192.168.2.101
8/13/2022,01:02:46,192.168.2.101
8/13/2022,01:11:33,192.168.2.102
8/13/2022,01:13:30,192.168.2.101
8/13/2022,01:13:59,192.168.2.104
8/13/2022,01:19:21,192.168.2.103
8/13/2022,01:20:51,192.168.2.104
8/13/2022,01:13:49,192.168.2.103
8/13/2022,00:49:01,192.168.2.106
8/13/2022,00:49:30,192.168.2.105
8/13/2022,00:53:47,192.168.2.108
8/13/2022,00:55:43,"192.168.2,108"
8/13/2022,00:56:46,192.168.2.108
8/13/2022,00:58:17,192.168.2.108
8/13/2022,00:59:56,192.168.2.101
8/13/2022,00:46:49,192.168.2.106
8/13/2022,00:46:55,192.168.2.105
8/13/2022,00:59:56,192.168.2.101
8/13/2022,01:10:54,192.168.2.102
8/13/2022,01:11:33,192.168.2.102
8/13/2022,01:13:30,192.168.2.101
8/13/2022,01:13:59,192.168.2.104
8/13/2022,01:19:21,192.168.2.103
8/13/2022,01:20:51,192.168.2.104
8/13/2022,01:13:49,192.168.2.103
8/13/2022,00:49:01,192.168.2.106
8/13/2022,00:49:30,192.168.2.105
8/13/2022,00:49:30,192.168.2.105
8/13/2022,00:53:47,192.168.2.108
8/13/2022,00:55:43,"192.168.2,108"
8/13/2022,00:56:46,192.168.2.108
8/13/2022,00:58:17,192.168.2.108
8/13/2022,01:13:59,192.168.2.104
8/13/2022,01:13:59,192.168.2.104
8/13/2022,01:13:59,192.168.2.104
8/13/2022,01:13:59,192.168.2.104
8/13/2022,01:13:59,192.168.2.104
8/13/2022,01:13:59,192.168.2.104
8/13/2022,01:13:59,192.168.2.104
8/13/2022,01:13:59,192.168.2.104
8/13/2022,01:13:59,192.168.2.104
8/13/2022,00:59:56,192.168.2.101
8/13/2022,01:10:54,192.168.2.102
8/13/2022,01:11:33,192.168.2.102
8/13/2022,01:13:30,192.168.2.101
8/13/2022,01:13:59,192.168.2.104
8/13/2022,01:19:21,192.168.2.103
8/13/2022,01:20:51,192.168.2.104
8/13/2022,01:13:49,192.168.2.103
8/13/2022,01:13:59,192.168.2.104
8/13/2022,01:13:59,192.168.2.104
8/13/2022,01:13:59,192.168.2.104
8/13/2022,01:13:59,192.168.2.104
8/13/2022,01:13:59,192.168.2.104
8/13/2022,01:13:59,192.168.2.104
8/13/2022,01:13:59,192.168.2.104
8/13/2022,01:13:59,192.168.2.104
8/13/2022,01:13:59,192.168.2.104
8/13/2022,00:46:49,192.168.2.106
8/13/2022,00:46:49,192.168.2.106
8/13/2022,00:46:49,192.168.2.106
8/13/2022,00:46:49,192.168.2.106
8/13/2022,00:46:49,192.168.2.106
8/13/2022,00:46:55,192.168.2.105
8/13/2022,00:46:55,192.168.2.105
8/13/2022,00:46:55,192.168.2.105
8/13/2022,00:46:55,192.168.2.105
8/13/2022,00:47:34,192.168.2.106
8/13/2022,00:49:01,192.168.2.106
8/13/2022,00:49:01,192.168.2.106
8/13/2022,00:49:30,192.168.2.105
8/13/2022,00:53:47,192.168.2.108
8/13/2022,00:55:43,"192.168.2,108"
8/13/2022,00:56:46,192.168.2.108
8/13/2022,00:57:53,192.168.2.107
8/13/2022,01:13:59,192.168.2.104
8/13/2022,01:13:59,192.168.2.104
8/13/2022,01:13:59,192.168.2.104
8/13/2022,01:13:59,192.168.2.104
8/13/2022,01:13:59,192.168.2.104
8/13/2022,01:13:59,192.168.2.104
8/13/2022,01:13:59,192.168.2.104
8/13/2022,01:13:59,192.168.2.104
8/13/2022,01:13:59,192.168.2.104
8/13/2022,00:59:56,192.168.2.101
8/13/2022,01:10:54,192.168.2.102
8/13/2022,01:11:33,192.168.2.102
8/13/2022,01:13:30,192.168.2.101
8/13/2022,01:13:59,192.168.2.104
8/13/2022,01:20:22,192.168.2.104
8/13/2022,01:20:51,192.168.2.104
8/13/2022,00:47:41,192.168.2.105
8/13/2022,00:49:01,192.168.2.106
8/13/2022,00:49:30,192.168.2.105
8/13/2022,00:49:30,192.168.2.105
8/13/2022,00:53:47,192.168.2.108
8/13/2022,00:55:43,"192.168.2,108"
8/13/2022,00:56:46,192.168.2.108
8/13/2022,00:59:56,192.168.2.101
8/13/2022,01:10:54,192.168.2.102
8/13/2022,01:11:33,192.168.2.102
8/13/2022,01:13:30,192.168.2.101
8/13/2022,01:13:59,192.168.2.104
8/13/2022,01:20:22,192.168.2.104
8/13/2022,01:20:51,192.168.2.104
8/13/2022,00:50:05,192.168.2.106
8/13/2022,00:44:07,192.168.2.105
8/13/2022,00:44:07,192.168.2.105
8/13/2022,00:46:15,192.168.2.105
8/13/2022,00:46:15,192.168.2.105
8/13/2022,00:46:15,192.168.2.105
8/13/2022,00:46:15,192.168.2.105
8/13/2022,00:46:15,192.168.2.105
8/13/2022,00:46:15,192.168.2.105
8/13/2022,00:46:49,192.168.2.106
8/13/2022,00:46:55,192.168.2.105
8/13/2022,00:49:01,192.168.2.106
8/13/2022,00:49:30,192.168.2.105
8/13/2022,00:53:47,192.168.2.108
8/13/2022,00:53:47,192.168.2.108
8/13/2022,00:53:47,192.168.2.108
8/13/2022,00:53:47,192.168.2.108
8/13/2022,00:53:47,192.168.2.108
8/13/2022,00:53:47,192.168.2.108
8/13/2022,00:53:47,192.168.2.108
8/13/2022,00:55:43,"192.168.2,108"
8/13/2022,00:56:46,192.168.2.108
8/13/2022,00:59:56,192.168.2.101
8/13/2022,01:14:38,192.168.2.103
8/13/2022,01:14:38,192.168.2.103
8/13/2022,01:14:38,192.168.2.103
8/13/2022,01:14:38,192.168.2.103
8/13/2022,01:14:38,192.168.2.103
8/13/2022,01:14:38,192.168.2.103
8/13/2022,01:14:38,192.168.2.103
8/13/2022,01:14:38,192.168.2.103
8/13/2022,01:14:38,192.168.2.103
8/13/2022,01:14:38,192.168.2.103
8/13/2022,01:14:38,192.168.2.103
8/13/2022,01:14:38,192.168.2.103
8/13/2022,01:14:38,192.168.2.103
8/13/2022,01:14:38,192.168.2.103
8/13/2022,01:14:38,192.168.2.103
8/13/2022,01:14:38,192.168.2.103
8/13/2022,01:14:38,192.168.2.103
8/13/2022,01:14:38,192.168.2.103
8/13/2022,01:14:38,192.168.2.103
8/13/2022,01:14:38,192.168.2.103
8/13/2022,01:14:38,192.168.2.103
8/13/2022,00:44:07,192.168.2.105
8/13/2022,00:46:15,192.168.2.105
8/13/2022,00:46:15,192.168.2.105
8/13/2022,00:46:49,192.168.2.106
8/13/2022,00:47:34,192.168.2.106
8/13/2022,00:59:17,192.168.2.107
8/13/2022,00:59:17,192.168.2.107
8/13/2022,01:13:41,"192.168.2,102"
8/13/2022,01:13:41,"192.168.2,102"
8/13/2022,01:13:41,"192.168.2,102"
8/13/2022,01:13:41,"192.168.2,102"
8/13/2022,01:13:41,"192.168.2,102"
8/13/2022,01:13:41,"192.168.2,102"
8/13/2022,01:13:41,"192.168.2,102"
8/13/2022,01:13:41,"192.168.2,102"
8/13/2022,01:13:41,"192.168.2,102"
8/13/2022,01:13:41,"192.168.2,102"
8/13/2022,01:13:41,"192.168.2,102"
8/13/2022,01:13:41,"192.168.2,102"
8/13/2022,01:13:41,"192.168.2,102"
8/13/2022,01:13:41,"192.168.2,102"
8/13/2022,01:13:41,"192.168.2,102"
8/13/2022,00:46:55,192.168.2.105
8/13/2022,00:47:41,192.168.2.105
8/13/2022,00:47:41,192.168.2.105
8/13/2022,00:47:41,192.168.2.105
8/13/2022,00:47:41,192.168.2.105
8/13/2022,00:47:41,192.168.2.105
8/13/2022,00:47:41,192.168.2.105
8/13/2022,00:47:41,192.168.2.105
8/13/2022,00:47:41,192.168.2.105
8/13/2022,00:47:41,192.168.2.105
8/13/2022,00:47:41,192.168.2.105
8/13/2022,00:47:41,192.168.2.105
8/13/2022,00:47:41,192.168.2.105
8/13/2022,00:47:41,192.168.2.105
8/13/2022,00:47:41,192.168.2.105
8/13/2022,00:47:41,192.168.2.105
8/13/2022,00:47:41,192.168.2.105
8/13/2022,00:47:41,192.168.2.105
8/13/2022,00:57:53,192.168.2.107
09-11-2022,01:12:12,192.168.21.10
9/13/2022,01:11:15,192.168.29.10
9/13/2022,01:11:33,192.168.21.10
9/13/2022,01:13:49,192.128.21.11
9/13/2022,01:14:47,192.168.85.10
9/13/2022,01:19:21,194.168.29.12
9/13/2022,01:20:22,198.168.28.10
9/13/2022,01:20:51,192.168.29.10
9/13/2022,01:21:03,191.168.56.10
9/13/2022,01:21:21,194.168.21.10
9/13/2022,01:20:29,193.168.2.103
9/13/2022,01:11:56,192.128.2.101
9/13/2022,01:13:41,192.141.2.102
9/13/2022,01:14:38,192.166.2.165
9/13/2022,01:14:38,192.166.2.165
9/13/2022,01:13:30,199.168.2.101
9/13/2022,01:14:38,192.166.2.165
9/13/2022,01:14:38,192.166.2.165
9/13/2022,01:14:38,192.166.2.165
9/13/2022,01:14:38,192.166.2.165
9/13/2022,01:13:59,197.168.25.10
9/13/2022,01:14:38,192.166.2.165
9/13/2022,01:14:38,192.166.2.165
9/13/2022,01:14:38,192.166.2.165
9/13/2022,01:14:38,192.166.2.165
9/13/2022,01:10:54,192.168.2.102
9/13/2022,01:21:08,196.162.2.104
